Gname,Site,Location,Rep,RowBlock,ColBlock,DFL,PH,TN,BLAST,BLS,BLB,TUNGRO,YLD
Gen1,Site1,Loc1,R1,1,1,115.641073,95.84246499,13.61874341,4.010353854,4.244388488,7.540215164,6.11536017,7.784340635
Gen2,Site1,Loc1,R1,2,1,107.178731,102.0294896,11.27685139,2.752048427,6.346675316,4.085486018,4.604146265,8.405878425
Gen3,Site1,Loc1,R1,3,1,112.4234165,109.9084355,12.54131891,5.871044003,5.728468232,4.347423268,4.365540152,7.68825319
Gen4,Site1,Loc1,R1,4,1,113.664004,90.05709165,12.50235594,4.095409758,6.369352783,4.293873129,5.506184188,10.08432475
Gen5,Site1,Loc1,R1,5,1,113.8767353,100.6053062,11.34045188,5.291829493,4.080447016,4.601491235,4.302157995,8.422221364
Gen6,Site1,Loc1,R1,6,1,92.72517544,99.52194429,12.9332672,5.780281725,5.962196574,3.964577117,5.200881419,9.000771418
Gen7,Site1,Loc1,R1,7,1,98.40768525,110.6810408,10.55882406,3.986726554,5.710453646,6.603848594,5.488223151,7.345682011
Gen8,Site1,Loc1,R1,8,1,104.6170641,82.30543131,13.09675153,4.389124173,4.633011419,5.535807095,4.494561364,9.318427377
Gen9,Site1,Loc1,R1,9,1,83.65283655,108.5311913,10.01189628,5.940951927,4.419059398,4.250391578,2.282188237,9.484402945
Gen10,Site1,Loc1,R1,10,1,105.9369615,94.05408702,11.87434426,5.192438805,4.753228582,4.903463756,5.75436787,7.832475617
Gen11,Site1,Loc1,R1,11,1,82.07927675,92.52443885,11.74448624,4.84196805,5.299824113,5.31695235,7.284998445,10.08630489
Gen12,Site1,Loc1,R1,12,1,89.87751696,106.1828398,10.26372677,3.986996029,4.506140279,5.563698206,4.409531056,8.587758865
Gen13,Site1,Loc1,R1,13,1,108.3509614,106.5816773,11.52145445,3.651118556,4.113631202,6.17947182,4.372296433,8.036560167
Gen14,Site1,Loc1,R1,14,1,114.6671927,106.3142737,12.08012377,6.338565321,6.668401906,2.965143434,3.881772436,8.932408186
Gen15,Site1,Loc1,R1,15,1,86.02338265,112.7675842,11.22279724,5.752059968,3.814799786,4.683907952,5.535041298,8.646726356
Gen16,Site1,Loc1,R1,16,1,106.802514,100.3008284,10.65390294,4.866416988,2.761660285,5.463103918,3.875764996,8.669179597
Gen17,Site1,Loc1,R1,17,1,100.2573878,102.8245641,13.07988046,3.583456719,6.269756446,7.076861463,4.696933149,8.865645084
Gen18,Site1,Loc1,R1,18,1,102.1945897,92.47382035,12.40195024,4.53156508,6.006722119,5.1513118,5.685824878,8.744361854
Gen19,Site1,Loc1,R1,19,1,100.4679425,79.73829691,11.38953185,5.973626802,3.044989522,7.071489712,5.744550335,9.354816415
Gen20,Site1,Loc1,R1,20,1,111.5905097,103.1590658,11.70687712,4.768195212,5.56133925,4.647018879,6.10815828,6.041727574
Gen21,Site1,Loc1,R1,1,2,100.6020633,113.5863956,14.00232251,5.965184453,4.690434351,4.892293572,4.162350209,10.53670949
Gen22,Site1,Loc1,R1,2,2,109.6997955,107.2380586,11.33048839,5.055510091,4.859778893,6.580797591,4.918903856,9.192884448
Gen23,Site1,Loc1,R1,3,2,103.8840016,97.43928298,12.00150871,4.674519675,4.792365289,6.307149108,4.426085429,9.461497267
Gen24,Site1,Loc1,R1,4,2,97.32273597,70.38711422,11.31014143,4.029293776,4.789275756,4.591568346,3.967713805,7.20821334
Gen25,Site1,Loc1,R1,5,2,95.05667922,115.9198442,11.8565647,3.549488568,5.953382643,5.979853485,4.465717637,9.044522575
Gen26,Site1,Loc1,R1,6,2,95.4011332,120.5294347,10.94497395,6.10599935,5.610609516,2.421117919,4.056691764,7.909320166
Gen27,Site1,Loc1,R1,7,2,107.800307,112.6722185,13.40635958,4.817259357,4.999286183,4.382196242,6.119251776,7.12559452
Gen28,Site1,Loc1,R1,8,2,95.42158671,106.2687938,11.83816832,6.230414692,6.30777343,3.915589545,4.480124832,5.962235224
Gen29,Site1,Loc1,R1,9,2,103.6853776,114.078184,12.74528287,5.85888317,4.785870031,4.41513106,4.916670265,8.200545601
Gen30,Site1,Loc1,R1,10,2,115.8530164,99.42439027,11.50574504,6.924564961,4.164078602,4.783772778,5.114771962,6.540700796
Gen31,Site1,Loc1,R1,11,2,90.14497422,117.4673191,12.43637387,2.880819265,4.694634901,4.168269277,5.372575632,8.813844059
Gen32,Site1,Loc1,R1,12,2,97.04223537,97.83631785,11.86933332,4.653354455,7.036031123,4.48226127,5.243361579,6.841469855
Gen33,Site1,Loc1,R1,13,2,88.994664,87.29365162,12.435719,5.056615785,3.649834944,3.53963724,5.555162497,7.389403302
Gen34,Site1,Loc1,R1,14,2,102.6799052,105.2244288,11.9905645,4.901897559,5.861357687,5.971566123,5.991985276,10.1815728
Gen35,Site1,Loc1,R1,15,2,86.94861323,90.93047617,10.77746386,5.209457847,4.962821531,5.545810722,6.507522361,8.96774376
Gen36,Site1,Loc1,R1,16,2,96.1950833,113.8044563,12.57094481,4.19592213,4.516999359,5.202742878,4.644107434,6.095740704
Gen37,Site1,Loc1,R1,17,2,84.59507087,105.4373491,9.530185941,6.139655556,5.285482986,4.451192316,4.49704708,8.206615159
Gen38,Site1,Loc1,R1,18,2,97.05843112,94.82715594,10.13846373,4.203036894,5.116540987,5.556383169,5.006359594,9.59680263
Gen39,Site1,Loc1,R1,19,2,92.19125777,110.4617181,10.58056086,4.024497028,4.185130592,5.027477337,3.171512994,8.270951962
Gen40,Site1,Loc1,R1,20,2,107.5830589,90.84715596,14.01574858,5.243242438,4.626215635,3.875232431,4.468114024,7.979620005
Gen41,Site1,Loc1,R1,1,3,103.7125211,107.9817097,11.39095042,5.820137256,4.855906143,5.441324024,4.898609647,6.195505431
Gen42,Site1,Loc1,R1,2,3,99.49916727,93.16967411,11.74980542,3.731811064,6.457038458,3.65003302,4.653740903,7.651798789
Gen43,Site1,Loc1,R1,3,3,111.8393678,107.473255,11.9003101,6.228415336,5.766450186,5.036580606,3.380787234,9.120554118
Gen44,Site1,Loc1,R1,4,3,116.0709244,99.41235301,12.68207539,5.953585521,6.69879408,5.82509432,7.255994224,7.118498725
Gen45,Site1,Loc1,R1,5,3,97.2287047,86.85944965,13.46244277,5.204163692,4.691263769,4.89415158,3.051310166,6.859789053
Gen46,Site1,Loc1,R1,6,3,94.93768164,105.1588577,11.87845066,5.010262426,6.036832734,4.19088687,5.377021575,7.722808827
Gen47,Site1,Loc1,R1,7,3,87.24062325,101.6884669,10.92746106,6.617990542,5.521806521,5.463841319,5.294526632,8.438757166
Gen48,Site1,Loc1,R1,8,3,111.7794877,108.3158082,11.99945406,4.72851105,5.572699877,5.705486899,5.704086996,8.236487214
Gen49,Site1,Loc1,R1,9,3,98.16412131,103.5455839,11.26400623,5.506349925,5.429173116,5.545188114,3.509759351,9.521725715
Gen50,Site1,Loc1,R1,10,3,100.8835758,94.59754449,13.46843896,5.818524386,4.048170447,3.917420004,5.101982038,8.761960362
Gen51,Site1,Loc1,R1,11,3,100.7127182,103.4549232,11.92914309,3.968317814,5.469361821,4.99626203,7.151616091,8.6160469
Gen52,Site1,Loc1,R1,12,3,100.0764466,113.4073446,13.04526497,4.904158032,6.065546948,3.707399306,6.611554938,8.053377126
Gen53,Site1,Loc1,R1,13,3,126.7515747,102.2968609,11.38704497,4.394077146,5.855190319,5.604109207,5.048720136,7.805198615
Gen54,Site1,Loc1,R1,14,3,94.87905,110.4212765,13.90489167,3.957276599,4.794778739,5.711417174,4.212994139,8.542165577
Gen55,Site1,Loc1,R1,15,3,85.73645421,88.29443385,10.23139073,3.57889602,4.413343444,5.765058688,5.030153811,7.748443897
Gen56,Site1,Loc1,R1,16,3,103.7379817,103.970816,13.05164566,6.249758664,4.772680304,2.644221319,2.909580271,7.890163827
Gen57,Site1,Loc1,R1,17,3,105.7842228,114.2712858,10.07999095,4.984390407,5.139698086,5.20843503,4.930980453,8.37071983
Gen58,Site1,Loc1,R1,18,3,102.514614,105.0266172,12.01428785,4.317790247,5.167303983,5.69976785,6.604976642,9.634166112
Gen59,Site1,Loc1,R1,19,3,105.4965349,104.2301857,11.58083522,4.099574926,3.99575343,4.079826688,7.156560428,8.270675646
Gen60,Site1,Loc1,R1,20,3,101.1120646,99.79396523,10.6278921,4.162789576,5.966472296,5.350550032,4.862232893,8.116736298
Gen61,Site1,Loc1,R1,1,4,102.724507,111.557212,12.43668436,5.240941621,5.535087872,4.437503589,5.940442494,7.682324757
Gen62,Site1,Loc1,R1,2,4,94.61895754,79.85271342,11.15499949,3.964450557,4.729994263,3.510282616,4.836434014,8.755925349
Gen63,Site1,Loc1,R1,3,4,103.6574355,106.1649804,11.02777293,6.054647723,4.565990178,5.311029874,5.520789599,8.037828081
Gen64,Site1,Loc1,R1,4,4,114.2943946,94.81688607,11.20905628,4.515039493,4.345931188,5.351674157,6.315290521,7.861698816
Gen65,Site1,Loc1,R1,5,4,85.54016299,84.23341486,12.6046849,4.119020461,6.189254401,5.469520655,4.977330763,8.694187465
Gen66,Site1,Loc1,R1,6,4,99.53589024,120.7828139,13.73244267,4.723861821,6.527897398,5.053164207,3.523625986,7.183939399
Gen67,Site1,Loc1,R1,7,4,85.79997333,73.42011485,11.71376916,5.146925186,5.76749854,6.542516457,4.065362769,8.908105357
Gen68,Site1,Loc1,R1,8,4,87.00957901,107.2150254,12.61564068,5.688290655,6.281186188,6.910826104,4.787584461,7.765623012
Gen69,Site1,Loc1,R1,9,4,102.4028827,102.0576007,11.10895285,6.686412062,4.442127526,4.279244464,4.812186139,7.206820009
Gen70,Site1,Loc1,R1,10,4,96.23201141,111.0243841,11.72916965,5.052133559,3.563951101,4.465829638,4.298512676,8.203089442
Gen71,Site1,Loc1,R1,11,4,89.95662856,89.25141427,11.02745712,5.409791931,5.365819415,5.373312594,3.368596218,7.728304554
Gen72,Site1,Loc1,R1,12,4,105.8769928,112.4712853,13.65388565,5.418968271,4.124657714,8.098593327,4.673931606,7.147150888
Gen73,Site1,Loc1,R1,13,4,107.495576,107.0007747,12.26625779,3.913988919,6.022058215,3.91142774,7.005457676,8.179099664
Gen74,Site1,Loc1,R1,14,4,93.16041542,108.9786375,11.80869257,7.671391318,3.410844115,4.456857392,5.270340733,5.679980718
Gen75,Site1,Loc1,R1,15,4,115.2392826,88.81113213,11.55459686,5.31348636,6.597029626,5.480424119,6.369632437,8.643825511
Gen76,Site1,Loc1,R1,16,4,91.22220349,96.03703522,11.29330587,4.378198269,5.39265667,4.626911419,4.685422859,7.015702807
Gen77,Site1,Loc1,R1,17,4,108.2787946,117.8773887,11.76745138,4.718768894,4.37117542,4.351202623,6.89047669,8.702016902
Gen78,Site1,Loc1,R1,18,4,91.88152056,93.98669444,11.03206804,3.554772144,4.850788559,4.642200194,5.748545577,6.454472395
Gen79,Site1,Loc1,R1,19,4,101.6803904,94.77881242,12.29034085,5.647412913,3.849491909,5.701818736,4.577903829,7.671208194
Gen80,Site1,Loc1,R1,20,4,109.708097,99.31011059,12.9508894,4.180210994,5.081431775,5.105557481,6.14831138,8.930693466
Gen81,Site1,Loc1,R1,1,5,98.81094177,97.11861878,12.9818578,5.361975717,4.50281934,5.838853358,6.179057893,8.601805239
Gen82,Site1,Loc1,R1,2,5,94.76310876,96.34028446,12.53678733,4.580613483,5.093650179,6.167906734,4.298658939,6.740597094
Gen83,Site1,Loc1,R1,3,5,97.61729899,93.11052201,12.04739513,3.797801196,5.065026665,5.900860273,3.526843219,6.942742974
Gen84,Site1,Loc1,R1,4,5,107.1873509,103.7012606,11.46369472,4.704786293,5.42315181,4.969680103,5.683023295,8.853422743
Gen85,Site1,Loc1,R1,5,5,102.7628825,96.58463664,11.97608589,3.528418216,5.20097,4.459317615,5.698875338,7.434334841
Gen86,Site1,Loc1,R1,6,5,87.15117787,92.02769823,13.05086446,5.454409348,7.025457839,4.641305222,6.007517826,8.191438282
Gen87,Site1,Loc1,R1,7,5,96.39962437,110.0402842,12.03978242,4.367395359,4.602315341,4.924284762,5.427269485,9.214699749
Gen88,Site1,Loc1,R1,8,5,102.3896834,94.49194863,11.95754509,6.016473097,4.773076969,4.738160692,6.958372241,10.34415875
Gen89,Site1,Loc1,R1,9,5,100.0016646,89.2023289,12.69100662,4.699367567,3.505971388,3.441192898,4.25681994,8.422569174
Gen90,Site1,Loc1,R1,10,5,108.1953716,95.19310065,11.73496765,5.686235193,4.06967995,4.297272314,6.704033014,8.692281699
Gen91,Site1,Loc1,R1,11,5,100.7981834,95.70257488,11.36612732,4.749483323,6.333963825,5.191873734,4.581840241,7.561885149
Gen92,Site1,Loc1,R1,12,5,96.99228076,112.4086634,12.07357241,4.972864745,4.532171811,6.095961146,5.433642197,7.508672781
Gen93,Site1,Loc1,R1,13,5,93.57093691,94.69277778,10.75895206,5.624471075,4.149141406,2.441529345,4.465740242,8.338162252
Gen94,Site1,Loc1,R1,14,5,90.22899968,97.54743572,12.36902753,3.618902164,4.613397164,5.66286615,4.212218856,8.237308062
Gen95,Site1,Loc1,R1,15,5,104.2494756,100.91301,12.8481073,4.490943453,4.247872906,5.220064375,5.180160189,6.293241178
Gen96,Site1,Loc1,R1,16,5,105.8368374,103.3304574,12.65681437,4.573183402,5.600063276,4.570706034,4.163791995,7.562097516
Gen97,Site1,Loc1,R1,17,5,100.1422727,96.83462185,13.36166442,4.441813026,5.804793898,6.255883595,3.98872033,7.94875408
Gen98,Site1,Loc1,R1,18,5,102.1507676,84.43524609,11.52821429,3.004590652,5.219250067,4.250111537,3.952043591,9.305349522
Gen99,Site1,Loc1,R1,19,5,118.6545797,94.81690021,11.17847646,4.293133142,4.927909931,4.472328206,5.651660543,6.139831413
Gen100,Site1,Loc1,R1,20,5,104.112902,89.95907853,13.08288789,5.480705402,5.455204303,4.430212531,4.502429205,8.080368062
Gen101,Site1,Loc1,R1,1,6,89.17170979,93.87074618,10.09217458,3.815370827,5.119740467,6.150720276,6.393603509,7.915111869
Gen102,Site1,Loc1,R1,2,6,105.4488338,94.64683762,13.07598983,6.661062459,7.444315206,4.085958975,5.5440447,9.400398745
Gen103,Site1,Loc1,R1,3,6,104.6742685,98.85261113,10.99489955,5.254210619,4.872464157,5.046526024,4.510852554,9.670618979
Gen104,Site1,Loc1,R1,4,6,106.5798448,103.8890184,12.38911876,5.714471039,5.513299217,4.883981968,5.297496843,7.516755071
Gen105,Site1,Loc1,R1,5,6,98.81873308,101.5979351,11.23618638,4.683156091,2.811812033,5.65124688,5.293691341,6.406746259
Gen106,Site1,Loc1,R1,6,6,115.8766814,118.8393106,12.28017525,6.09680431,4.361696967,5.632668536,4.721836012,7.448886164
Gen107,Site1,Loc1,R1,7,6,87.62586547,110.3573849,11.12966422,5.996042601,7.013309188,6.978230208,4.291581017,9.2285549
Gen108,Site1,Loc1,R1,8,6,101.1430693,122.4780279,13.10798914,4.892032918,3.433685718,5.137916813,4.574837684,6.852083058
Gen109,Site1,Loc1,R1,9,6,117.3262857,107.7150759,12.52982294,5.993542042,4.802561678,3.785515965,5.797923861,8.612141178
Gen110,Site1,Loc1,R1,10,6,88.15072063,107.274532,10.32492036,6.348972972,6.492222331,4.155198312,5.856357812,8.73245124
Gen111,Site1,Loc1,R1,11,6,108.1680269,97.60488362,11.19298495,5.76265347,4.891266335,3.836680059,5.07453069,7.753041861
Gen112,Site1,Loc1,R1,12,6,95.52003822,107.1703149,11.05086982,4.392070746,6.088888563,5.419635986,5.777193614,9.189083039
Gen113,Site1,Loc1,R1,13,6,95.20245907,110.256883,11.56081271,5.061937927,3.838230442,6.212050043,4.674587204,7.73367987
Gen114,Site1,Loc1,R1,14,6,95.36660426,82.00351193,12.88206717,5.625380372,6.667598727,5.151569948,5.692759852,7.934398563
Gen115,Site1,Loc1,R1,15,6,103.2279636,117.31951,10.44737989,4.271182312,6.480732053,5.655862584,4.132899187,8.03479034
Gen116,Site1,Loc1,R1,16,6,108.8355268,108.8955898,12.02024673,4.407186974,5.660663107,4.101196925,4.964256873,8.955313158
Gen117,Site1,Loc1,R1,17,6,87.96177823,75.57929781,10.82396638,4.018890907,5.796552501,4.054363919,5.330481461,8.379774799
Gen118,Site1,Loc1,R1,18,6,92.91692266,100.636972,11.09658459,4.74218929,5.705164593,5.242254296,4.753221196,7.659879183
Gen119,Site1,Loc1,R1,19,6,97.97235708,115.2161257,11.25103685,6.238877109,6.489846881,4.727359206,4.990161281,6.826187938
Gen120,Site1,Loc1,R1,20,6,101.9358332,90.23301241,11.3849715,6.712640068,4.508801336,4.950229518,4.54821916,8.146317116
Gen121,Site1,Loc1,R1,1,7,104.4537581,100.9670629,13.4074461,4.999252352,4.702632494,4.759060963,6.912261334,9.035266902
Gen122,Site1,Loc1,R1,2,7,98.87068099,116.7525969,10.58538978,4.712608919,6.138037078,5.288809299,4.901003451,8.410091899
Gen123,Site1,Loc1,R1,3,7,104.2363925,109.1304002,12.41261943,5.628308289,5.882752921,3.871107516,3.741917169,8.225466809
Gen124,Site1,Loc1,R1,4,7,113.2892042,97.31735629,10.71462372,3.672501656,4.685678551,4.09713309,5.731288847,6.679949196
Gen125,Site1,Loc1,R1,5,7,105.4377891,99.3236402,12.34868722,5.655996155,5.384638024,5.119185367,4.766230791,10.22723141
Gen126,Site1,Loc1,R1,6,7,97.85592383,98.34726164,13.67757583,5.378686222,6.290924221,5.817209271,5.43662371,9.510497308
Gen127,Site1,Loc1,R1,7,7,96.59262812,90.14756044,12.87858442,6.603406969,6.774738869,4.125793217,4.474446163,8.680198104
Gen128,Site1,Loc1,R1,8,7,101.0018394,86.0897243,13.45837564,4.926067588,7.578907708,5.103915001,5.592759648,6.992533416
Gen129,Site1,Loc1,R1,9,7,119.3862617,88.87435062,11.09670667,4.324641579,5.013499767,4.98160312,5.816320483,9.379074226
Gen130,Site1,Loc1,R1,10,7,96.34905329,121.6668749,10.38053598,5.200606216,4.341722539,5.227547934,6.149266012,6.319835933
Gen131,Site1,Loc1,R1,11,7,96.59697456,100.5950987,12.67289106,5.467257923,6.798090679,4.96794981,5.115721373,7.699585089
Gen132,Site1,Loc1,R1,12,7,98.54613834,104.1602946,12.59495057,5.489433225,4.521669406,6.128392322,4.129029741,7.561606603
Gen133,Site1,Loc1,R1,13,7,110.9022264,118.9027526,12.56655877,6.716074846,5.693453718,4.65184238,4.161011177,6.172121867
Gen134,Site1,Loc1,R1,14,7,92.53362825,97.75108435,11.6155526,5.89755703,5.995233599,3.844310182,5.399913734,9.502136044
Gen135,Site1,Loc1,R1,15,7,99.10991387,100.1212286,11.82370616,4.740261973,4.437036662,5.095964481,4.730949057,7.97836437
Gen136,Site1,Loc1,R1,16,7,87.41710426,84.10654731,10.49601704,4.896043353,5.486761648,6.153390951,3.907212537,7.278899862
Gen137,Site1,Loc1,R1,17,7,106.5342245,116.2480233,11.18603641,7.645617672,5.599761748,5.402269465,3.293557833,5.889619946
Gen138,Site1,Loc1,R1,18,7,72.67269073,100.4246788,12.99029732,4.776171149,3.732453363,5.683435776,4.992885224,8.427784071
Gen139,Site1,Loc1,R1,19,7,86.41892387,87.22359693,10.28768337,4.62410632,5.800310327,4.882080292,5.602793235,7.893331324
Gen140,Site1,Loc1,R1,20,7,98.4884248,105.585375,12.18368847,5.518339105,3.337836603,5.360480595,5.406452942,9.015945632
Gen141,Site1,Loc1,R1,1,8,97.98469342,98.61612761,13.26662337,6.768902423,4.437355104,4.565362524,4.396093996,9.095780313
Gen142,Site1,Loc1,R1,2,8,87.63653325,101.1599568,11.93028133,5.194375644,3.879264672,5.358547469,6.364601386,7.531341544
Gen143,Site1,Loc1,R1,3,8,99.13948698,92.02233117,11.75630549,5.09823273,6.871993841,5.140551853,5.809704604,7.206303322
Gen144,Site1,Loc1,R1,4,8,89.18349691,121.6568895,13.29587899,3.654814249,5.863440542,4.562418149,5.299145914,7.785333877
Gen145,Site1,Loc1,R1,5,8,97.29127314,109.3356116,11.65161608,4.842671501,2.332906405,5.912635693,5.721073752,6.5151848
Gen146,Site1,Loc1,R1,6,8,95.7680557,90.25194446,12.75096928,4.424115717,4.960500867,3.900928966,4.606539076,7.965267867
Gen147,Site1,Loc1,R1,7,8,113.4210794,101.0003316,12.79791825,4.791118633,4.773388622,2.744505198,4.232516277,8.908004452
Gen148,Site1,Loc1,R1,8,8,97.64088747,124.570666,11.10972889,3.388098595,6.520620663,5.058431526,5.272438759,8.301805408
Gen149,Site1,Loc1,R1,9,8,107.885218,114.820207,10.11671153,6.317248393,3.646357916,5.484863587,4.267644363,8.844375151
Gen150,Site1,Loc1,R1,10,8,83.16696026,95.85670636,12.50991179,4.529192445,5.909244861,4.254758659,5.626223195,7.153063553
Gen151,Site1,Loc1,R1,11,8,103.9329998,76.80226209,10.73482211,3.666206431,5.138725345,4.968086291,5.493100171,9.15879817
Gen152,Site1,Loc1,R1,12,8,96.3400656,93.3998896,11.14872451,5.245616735,5.660605962,6.502440459,4.408132964,8.890380343
Gen153,Site1,Loc1,R1,13,8,98.97837863,106.5858587,13.6925461,4.982239328,3.553206843,1.221157747,5.478602358,6.575002327
Gen154,Site1,Loc1,R1,14,8,116.7238018,108.3309184,11.73103732,5.027989528,5.035316263,5.507571222,5.919153646,7.706805935
Gen155,Site1,Loc1,R1,15,8,109.6433195,103.8125717,11.43684361,5.071791329,6.693872816,3.37465422,4.598433507,8.110424504
Gen156,Site1,Loc1,R1,16,8,116.4693419,89.86979943,13.08922367,3.370477713,3.497504781,3.316550707,4.637760769,6.302502265
Gen157,Site1,Loc1,R1,17,8,82.97300857,97.13813862,12.8141247,4.268419205,4.381657005,5.01947381,5.078160147,5.903633941
Gen158,Site1,Loc1,R1,18,8,117.8391409,94.69835176,12.24456573,2.64390607,5.188068021,5.587861122,6.178275363,7.477218215
Gen159,Site1,Loc1,R1,19,8,102.0745093,95.09006013,10.91016486,3.507629539,7.00735898,3.638398767,5.092660298,8.191346036
Gen160,Site1,Loc1,R1,20,8,118.1769563,106.1111365,11.77073946,3.385895525,4.866290062,4.963906873,6.573552082,9.203164128
Gen161,Site1,Loc1,R1,1,9,93.58637856,110.9955918,11.82065138,6.465332157,3.85688333,5.647731643,6.320448133,8.722502667
Gen162,Site1,Loc1,R1,2,9,99.35391833,92.40714347,12.91982087,6.135058636,5.55446478,4.352504442,5.47947098,7.737253762
Gen163,Site1,Loc1,R1,3,9,88.92295503,107.5146825,12.92192149,4.605543973,6.893580071,3.988244021,4.093606672,7.446704634
Gen164,Site1,Loc1,R1,4,9,106.3490476,101.4966758,12.21458277,4.300718412,6.375588266,7.104417885,6.699443163,7.17257934
Gen165,Site1,Loc1,R1,5,9,116.0913348,103.4851455,13.69362328,5.079553866,3.429514227,6.275423922,4.704230847,6.137238245
Gen166,Site1,Loc1,R1,6,9,91.1800174,96.97716502,11.47486234,6.123475619,7.254139389,4.696630879,4.428399483,7.089672446
Gen167,Site1,Loc1,R1,7,9,103.2926744,99.53311054,11.78420579,4.268315213,4.001758833,4.031465074,3.593363872,7.203002747
Gen168,Site1,Loc1,R1,8,9,100.9117244,76.5899989,13.40030953,4.961224435,5.348000003,4.819194355,6.131579884,7.650245417
Gen169,Site1,Loc1,R1,9,9,109.3903889,114.3820393,10.89364665,5.811201159,5.534875707,5.781995523,4.689676543,8.156808068
Gen170,Site1,Loc1,R1,10,9,98.98382418,95.88068952,12.64392451,5.645705396,4.885176706,4.150734574,5.570829045,6.899503178
Gen171,Site1,Loc1,R1,11,9,83.93819205,108.7233488,12.02242514,4.820423036,4.613335499,5.033459154,5.921998043,8.794648608
Gen172,Site1,Loc1,R1,12,9,100.1008048,102.0448766,12.43090625,5.103025216,6.500421862,5.516553815,3.24388338,9.88507738
Gen173,Site1,Loc1,R1,13,9,101.3932987,113.83266,11.83005284,4.117780907,5.774953977,3.670433225,5.081480067,7.952665633
Gen174,Site1,Loc1,R1,14,9,85.53336049,101.7139787,11.19449833,4.890364327,4.309783729,5.589126057,4.695867393,8.665283342
Gen175,Site1,Loc1,R1,15,9,104.3602949,107.938851,11.26549406,3.68738736,6.105896263,5.803097909,4.947144815,6.998844406
Gen176,Site1,Loc1,R1,16,9,99.22710111,92.24778924,12.18411475,4.812651238,5.656093173,6.046411751,3.733808308,6.678799081
Gen177,Site1,Loc1,R1,17,9,99.61897706,98.86668968,13.15279247,3.811836061,6.519809449,4.993381124,5.787195763,9.958280765
Gen178,Site1,Loc1,R1,18,9,105.695895,110.2499075,11.97062577,5.191011704,3.578109996,5.087320834,5.000054496,8.545781389
Gen179,Site1,Loc1,R1,19,9,85.57156432,107.9704539,13.51500151,4.170386625,4.824128795,4.87262406,6.715742223,6.674689904
Gen180,Site1,Loc1,R1,20,9,78.15519875,89.84052761,9.3408599,4.467742695,6.028562123,4.278022883,5.102303516,8.789548298
Gen181,Site1,Loc1,R1,1,10,87.79263274,122.8144055,10.98098353,5.93136069,3.541082101,5.196697323,5.270850412,8.304452393
Gen182,Site1,Loc1,R1,2,10,94.56413432,88.35219313,10.93606553,5.459278678,4.40674577,6.194766073,6.256368983,7.189707175
Gen183,Site1,Loc1,R1,3,10,104.3534725,94.05830934,11.79026064,4.350949474,4.19058623,5.899667783,5.317167644,6.898184308
Gen184,Site1,Loc1,R1,4,10,83.86922755,103.7632372,11.47533725,5.934259597,5.044920047,4.806284459,3.531386165,9.553667124
Gen185,Site1,Loc1,R1,5,10,100.1395071,102.2352223,13.19957895,3.845830745,3.989936719,4.223973118,3.88276016,7.521605163
Gen186,Site1,Loc1,R1,6,10,96.90714191,110.0048143,11.68288451,5.064191163,5.66874219,7.159912778,4.324380275,8.882216301
Gen187,Site1,Loc1,R1,7,10,89.05360218,104.7027068,11.45394281,6.063540994,5.865352175,5.356147539,4.341042521,9.121383329
Gen188,Site1,Loc1,R1,8,10,89.34275016,101.5536751,11.32091281,4.399262137,4.612776488,6.000950292,7.554250532,7.801689668
Gen189,Site1,Loc1,R1,9,10,101.165494,99.51753265,12.74796479,6.894177042,4.825830161,4.748781078,3.622076333,7.560708818
Gen190,Site1,Loc1,R1,10,10,95.54264456,103.4951382,10.7185667,5.789410713,4.995741651,4.942578546,6.700304011,8.09695705
Gen191,Site1,Loc1,R1,11,10,97.58057594,94.90286118,13.06548395,5.797627044,4.895800722,5.721284188,5.608931018,8.5850692
Gen192,Site1,Loc1,R1,12,10,103.0459891,89.21336244,11.67654837,4.729263923,5.057832762,4.870524472,6.001116777,8.343037786
Gen193,Site1,Loc1,R1,13,10,96.60089182,111.3632331,11.24311375,3.801520135,5.535626469,7.201927618,4.644782923,8.017281348
Gen194,Site1,Loc1,R1,14,10,71.98221216,101.6128239,12.75981755,4.752271535,3.215268377,4.18449533,4.928546208,8.530157615
Gen195,Site1,Loc1,R1,15,10,88.55064312,89.75863262,11.1485721,3.773547815,3.394500096,4.543291092,6.008906571,8.097756672
Gen196,Site1,Loc1,R1,16,10,109.8820945,76.82660341,13.13325507,4.31935902,2.825363343,4.394801599,4.340051148,6.843217162
Gen197,Site1,Loc1,R1,17,10,129.3558872,96.31484243,10.60697865,4.240031869,6.239083361,4.350504246,4.616297566,8.046958275
Gen198,Site1,Loc1,R1,18,10,99.61789794,103.7491042,12.23769638,5.851350255,3.592781723,3.536057327,5.833273313,8.153760254
Gen199,Site1,Loc1,R1,19,10,92.86258564,86.45243345,9.909404043,3.714670436,4.577345729,4.004983763,5.339547182,10.62353653
Gen200,Site1,Loc1,R1,20,10,100.2556483,104.8593122,11.6763724,5.856883904,5.159689603,5.517826474,5.893178765,6.815769076
Gen1,Site1,Loc1,R2,1,1,85.89263365,102.1726335,11.71472332,5.6695107,5.352155173,3.995918898,4.529156558,9.537264652
Gen2,Site1,Loc1,R2,2,1,104.2998185,113.271885,13.02353083,4.371311032,5.543244409,5.252182209,3.827308788,7.056334963
Gen3,Site1,Loc1,R2,3,1,95.27780086,98.68559992,12.64491531,3.824581342,5.238547643,3.081533992,3.353401134,9.024835255
Gen4,Site1,Loc1,R2,4,1,102.4648965,84.406346,13.59469957,4.363836801,3.82477914,5.213436191,4.927613361,7.498011661
Gen5,Site1,Loc1,R2,5,1,92.67407056,97.72116347,12.95577255,5.071809671,6.273304473,4.963679196,4.536007113,8.130665288
Gen6,Site1,Loc1,R2,6,1,100.6011872,90.22849137,12.35402827,3.89168321,5.215866593,4.663553546,5.863911731,9.389430519
Gen7,Site1,Loc1,R2,7,1,115.6947656,91.25275351,11.31480628,3.430220176,6.284427582,8.139948331,6.345643844,8.560596399
Gen8,Site1,Loc1,R2,8,1,85.3531464,106.4603976,11.98296013,4.793129233,3.400026247,4.382493103,4.020528894,7.664461201
Gen9,Site1,Loc1,R2,9,1,92.01836379,89.28160957,12.6688174,4.583702323,3.192999458,5.80437288,4.308284309,6.746709307
Gen10,Site1,Loc1,R2,10,1,97.65289338,101.3168347,12.242967,3.505153189,5.315242324,5.272046144,6.250860827,6.630060433
Gen11,Site1,Loc1,R2,11,1,119.1215244,85.03561151,13.85739141,5.622516719,6.976263929,5.695044751,4.750233478,7.512910696
Gen12,Site1,Loc1,R2,12,1,102.3111737,100.6806085,11.59891372,5.418692793,3.578381444,4.486473279,4.255895726,7.934638129
Gen13,Site1,Loc1,R2,13,1,114.1823969,94.4961488,12.88546816,4.607987186,4.961958053,7.031872885,6.711240767,7.237548462
Gen14,Site1,Loc1,R2,14,1,95.78168375,104.1507357,12.68032554,5.640042022,5.01275725,4.150656078,4.533156217,7.489550989
Gen15,Site1,Loc1,R2,15,1,90.74570576,88.45997994,12.28840995,5.277975756,6.126505111,4.863313907,4.926358068,8.186565173
Gen16,Site1,Loc1,R2,16,1,98.52501328,104.4300335,12.67168264,4.660167938,5.522059626,4.340680759,4.760976104,6.521322527
Gen17,Site1,Loc1,R2,17,1,114.1478569,105.8898168,11.31155037,4.004483258,5.861928726,5.543032561,4.479604605,8.803960417
Gen18,Site1,Loc1,R2,18,1,103.7755548,97.70022144,10.82305885,5.623291414,4.716927261,5.178878392,5.513887669,7.577962561
Gen19,Site1,Loc1,R2,19,1,107.8066196,109.6418318,9.933535484,4.517911902,4.841301708,4.862898462,6.356322685,7.86057552
Gen20,Site1,Loc1,R2,20,1,100.3723972,95.20884008,12.59020255,3.348752906,6.278994389,3.894552385,4.9230391,7.284888134
Gen21,Site1,Loc1,R2,1,2,103.6169814,111.7923285,12.59608787,4.063524893,3.624828046,4.841348003,4.815466014,6.724674576
Gen22,Site1,Loc1,R2,2,2,88.43742263,103.2846872,10.14864279,4.770198253,5.78252926,5.09040708,5.571249648,8.443943765
Gen23,Site1,Loc1,R2,3,2,96.15494673,103.6783708,12.15417352,6.015849611,4.58771451,6.704733865,5.309286239,7.515011855
Gen24,Site1,Loc1,R2,4,2,84.00259145,118.4048763,10.84265283,4.258975736,5.283026589,4.125927643,5.182836549,8.620778169
Gen25,Site1,Loc1,R2,5,2,108.8510622,102.0861043,13.56104115,5.572547081,4.660417877,4.717713668,5.109369549,10.39711107
Gen26,Site1,Loc1,R2,6,2,105.6280273,96.45301849,12.95908684,6.299671396,4.404924199,5.889109715,5.151333975,7.943702715
Gen27,Site1,Loc1,R2,7,2,98.78565438,87.21365696,11.04215404,5.258953357,4.772160807,5.348398563,5.555661591,7.503696768
Gen28,Site1,Loc1,R2,8,2,93.9883146,89.99398835,13.63805522,6.466523992,4.898767444,3.417832584,5.037542695,8.128910371
Gen29,Site1,Loc1,R2,9,2,87.35569014,85.18753703,11.50490508,4.388037978,5.165378952,5.034925443,7.347684372,7.952016065
Gen30,Site1,Loc1,R2,10,2,102.5867622,88.07273165,10.29203338,6.228541648,4.35652325,5.647154679,2.624596028,8.977508852
Gen31,Site1,Loc1,R2,11,2,108.4969228,108.285417,10.63795121,4.683100584,4.528214574,6.434411314,5.942146012,6.845385631
Gen32,Site1,Loc1,R2,12,2,98.89019956,120.8517711,11.693017,4.934969073,6.361161517,4.122446794,4.909898158,6.907045393
Gen33,Site1,Loc1,R2,13,2,113.4284936,70.98260581,11.07284417,3.295355841,4.985521965,5.878211648,4.98639964,8.160859278
Gen34,Site1,Loc1,R2,14,2,102.19219,103.938208,13.09721255,5.460351593,6.549912483,4.287393013,5.058070493,7.906489334
Gen35,Site1,Loc1,R2,15,2,97.81159102,101.9496527,10.40196811,3.356017826,6.710554352,3.2503164,3.130953961,7.110513004
Gen36,Site1,Loc1,R2,16,2,104.773886,79.7204081,11.56783047,5.961617124,4.250170817,6.461836909,5.278711562,7.710214837
Gen37,Site1,Loc1,R2,17,2,100.2977075,111.8690546,11.52526246,6.517974705,8.156397211,5.466196075,5.618240962,8.232207799
Gen38,Site1,Loc1,R2,18,2,93.79625681,91.44801541,12.12727314,6.0588462,6.300513953,3.658739667,4.737985115,7.2732477
Gen39,Site1,Loc1,R2,19,2,101.7111543,111.7574244,11.6935024,5.211359391,5.138809657,4.377688776,2.032425621,8.28029804
Gen40,Site1,Loc1,R2,20,2,109.5809667,103.5939268,12.21912692,5.407167245,5.092144935,6.409963617,4.827431161,8.744865776
Gen41,Site1,Loc1,R2,1,3,100.4525231,98.7833297,12.40842255,4.122432383,3.153450657,3.242643092,3.949850599,7.496607031
Gen42,Site1,Loc1,R2,2,3,97.93891112,90.88893809,9.698430709,5.779501363,3.976331876,5.055448818,3.910772954,7.144619995
Gen43,Site1,Loc1,R2,3,3,112.1830273,103.927979,9.878224787,6.470425668,6.473855242,4.247576893,4.048271221,8.192805506
Gen44,Site1,Loc1,R2,4,3,98.17348194,92.01267758,11.93745042,5.335329819,4.7275925,6.071620731,3.76079122,7.600303218
Gen45,Site1,Loc1,R2,5,3,94.24820772,107.0160117,11.70461824,5.486093511,5.438930587,6.496288627,4.377608579,6.613406436
Gen46,Site1,Loc1,R2,6,3,89.59610599,96.36303999,10.56956673,4.779238522,4.874814034,5.916680516,5.443933938,11.31141637
Gen47,Site1,Loc1,R2,7,3,91.82816788,100.2963977,11.49845216,4.93071493,5.459338267,5.102282992,5.731733575,5.928973276
Gen48,Site1,Loc1,R2,8,3,97.12163797,104.2054131,12.40122735,6.015583803,4.089108107,5.269631926,3.918560714,7.83513392
Gen49,Site1,Loc1,R2,9,3,102.8812708,104.0986735,11.53240761,5.212432596,5.127260424,4.451919493,5.711833647,8.119905215
Gen50,Site1,Loc1,R2,10,3,92.96364403,93.03941196,11.62628814,6.43929074,3.967618712,5.704816597,4.458322511,8.44667935
Gen51,Site1,Loc1,R2,11,3,97.715713,108.7382673,11.73938363,4.055986414,3.720465391,7.195862241,6.323473701,8.395537923
Gen52,Site1,Loc1,R2,12,3,108.1288615,87.44024701,11.89502804,4.444926256,5.858040667,5.16209021,3.600470588,8.748407412
Gen53,Site1,Loc1,R2,13,3,94.43194792,101.1107692,11.97918423,4.59013933,3.447231196,6.319478581,4.38832551,6.789879519
Gen54,Site1,Loc1,R2,14,3,113.6633669,102.6955106,10.56695297,5.061740931,2.724713874,3.429652697,5.075463518,8.835243526
Gen55,Site1,Loc1,R2,15,3,112.3994125,97.87217384,10.29745417,5.249064786,3.577478078,6.429625521,6.544325543,7.796248627
Gen56,Site1,Loc1,R2,16,3,110.7271657,102.0315827,10.98706831,5.575202955,2.805413755,4.473781003,4.326408024,5.610084379
Gen57,Site1,Loc1,R2,17,3,84.07874897,95.52265261,13.73580897,4.308661154,5.485475539,4.934149202,4.547958541,9.886069318
Gen58,Site1,Loc1,R2,18,3,89.44553759,113.4003053,12.02325773,3.455867763,4.635949121,4.835814694,5.133181157,7.011082634
Gen59,Site1,Loc1,R2,19,3,106.5867364,102.3776869,10.80892023,4.834086832,5.353293854,4.861758311,6.045368302,8.500398443
Gen60,Site1,Loc1,R2,20,3,97.46616164,102.3224564,12.85237953,4.912067773,4.899110649,5.817904306,3.577830147,7.747650279
Gen61,Site1,Loc1,R2,1,4,101.8822655,84.29088681,12.85107162,4.986586307,6.197325297,4.174904406,3.599041781,8.608298338
Gen62,Site1,Loc1,R2,2,4,104.0012697,105.5559153,11.48400352,5.96435956,6.01568205,5.286784204,4.116328686,7.153300574
Gen63,Site1,Loc1,R2,3,4,90.4798571,87.32344128,12.09714926,5.053201229,5.266428501,6.255150786,4.388953382,7.59072975
Gen64,Site1,Loc1,R2,4,4,117.4196153,98.56847163,11.90243147,3.118069182,4.473515035,4.931597556,5.934058,6.712515973
Gen65,Site1,Loc1,R2,5,4,101.1906674,90.11734062,10.54532342,4.370212261,5.040326938,6.954855008,6.101208843,6.890926383
Gen66,Site1,Loc1,R2,6,4,97.11813101,93.30345616,11.9132971,6.603269639,6.586657349,5.677496926,5.573630521,6.629390594
Gen67,Site1,Loc1,R2,7,4,92.26432639,85.10649486,10.92994063,5.255392212,4.671164813,3.754264977,6.373505447,7.589650169
Gen68,Site1,Loc1,R2,8,4,96.9251727,108.5919431,13.53634493,5.64630591,5.498926058,5.622981825,4.502061518,8.859923139
Gen69,Site1,Loc1,R2,9,4,125.0007769,99.86126982,11.10558327,4.756846869,4.697243762,4.450243449,4.576754718,8.865444928
Gen70,Site1,Loc1,R2,10,4,97.52548443,113.4624711,12.45109624,5.73291326,5.970398197,5.185197001,5.133328521,8.369010679
Gen71,Site1,Loc1,R2,11,4,103.0935609,94.5214734,12.53807994,5.515430292,6.13298299,4.4188984,4.594795064,7.799365848
Gen72,Site1,Loc1,R2,12,4,79.91632546,106.8675576,11.22589648,6.247509101,8.097897714,5.038632704,4.070614936,8.207416419
Gen73,Site1,Loc1,R2,13,4,103.810575,98.57602402,11.52652,4.43359355,4.074436119,4.366231408,3.447042623,8.44214648
Gen74,Site1,Loc1,R2,14,4,109.0860209,96.88512806,11.60906588,3.634726139,4.390759579,6.538118292,4.766128564,8.806043407
Gen75,Site1,Loc1,R2,15,4,112.0362614,103.3444712,11.58313001,5.481665055,4.899266471,4.649308075,4.62518203,8.976517257
Gen76,Site1,Loc1,R2,16,4,106.5504496,100.2548325,11.50506176,4.663268337,6.067435234,4.105064485,5.76594501,6.664612573
Gen77,Site1,Loc1,R2,17,4,86.18292265,102.7585783,11.61702413,5.500829249,6.188526819,4.94534827,6.203077023,8.684002607
Gen78,Site1,Loc1,R2,18,4,99.7656807,87.6480422,12.64039479,5.842553126,4.454849124,6.162649035,6.431967356,8.731401286
Gen79,Site1,Loc1,R2,19,4,107.8985672,86.9304111,12.48447749,3.103479822,5.01280639,6.606648482,5.055187428,9.17383898
Gen80,Site1,Loc1,R2,20,4,98.13495435,102.9036343,13.09560814,5.935446964,5.698007586,3.676876492,4.318617195,8.577862756
Gen81,Site1,Loc1,R2,1,5,104.6217898,86.42524555,12.35087997,6.629230085,3.053224874,5.255264847,4.497298886,7.75311099
Gen82,Site1,Loc1,R2,2,5,98.10477561,108.8229705,11.60678886,5.30521976,4.645781818,5.874635847,4.669149478,7.890278235
Gen83,Site1,Loc1,R2,3,5,106.4071001,101.6795895,11.47708591,5.32217912,5.202732739,4.96311476,4.412580193,7.886477851
Gen84,Site1,Loc1,R2,4,5,102.5348745,105.7805725,10.4493219,5.774174112,5.17292688,4.873476589,5.878290273,7.335135409
Gen85,Site1,Loc1,R2,5,5,103.4294984,99.83287263,13.42055107,5.015222231,4.648656654,4.688088271,5.402858955,8.403904113
Gen86,Site1,Loc1,R2,6,5,88.3628951,91.89820987,12.75231306,3.848524153,4.316116375,3.607367666,6.177081208,9.351023819
Gen87,Site1,Loc1,R2,7,5,89.64342859,105.963188,12.74635098,4.379803507,5.674087266,3.140171281,4.771567069,7.687546328
Gen88,Site1,Loc1,R2,8,5,93.92782581,101.2237607,13.99145907,4.708708268,2.734685005,4.811361026,5.74222707,7.391117299
Gen89,Site1,Loc1,R2,9,5,107.9173728,80.13830037,11.45574009,4.126313897,4.972018242,5.889353199,5.780864557,7.703258072
Gen90,Site1,Loc1,R2,10,5,76.75139571,93.85129414,12.52981949,3.712925429,4.570390355,5.425257702,5.81766359,8.116080923
Gen91,Site1,Loc1,R2,11,5,89.28847158,106.055858,11.85917006,5.596561017,6.523408502,5.748797774,4.539950315,6.38080982
Gen92,Site1,Loc1,R2,12,5,109.1172153,123.5578087,10.78141856,4.859764153,4.800725123,5.818929723,5.056274901,7.27752964
Gen93,Site1,Loc1,R2,13,5,94.58916978,102.0748781,14.53899469,4.860728054,7.760330974,6.210257777,4.677342642,8.065382929
Gen94,Site1,Loc1,R2,14,5,106.7373044,97.3902598,12.94737909,5.083658417,6.960285482,5.877282292,6.033163991,7.14394856
Gen95,Site1,Loc1,R2,15,5,120.9984902,90.20033734,10.640733,3.67109575,6.507405452,4.852226599,5.104157655,7.129744394
Gen96,Site1,Loc1,R2,16,5,106.9536439,110.6815032,12.11832145,4.673274406,6.493974691,5.674270953,5.068433355,7.353964297
Gen97,Site1,Loc1,R2,17,5,102.0019621,108.6112179,12.04960669,6.035314847,4.837864967,4.405719168,4.525735915,7.360622638
Gen98,Site1,Loc1,R2,18,5,86.59829708,110.2486324,12.45112617,6.085855092,3.879157813,6.098363185,4.778113546,7.558932362
Gen99,Site1,Loc1,R2,19,5,100.2298382,100.7617661,11.4250527,4.956649693,5.353141876,6.736366357,5.142397195,8.618367979
Gen100,Site1,Loc1,R2,20,5,86.29948817,108.1015282,11.16798714,4.334782633,6.198622222,5.657345575,6.368954381,7.181868901
Gen101,Site1,Loc1,R2,1,6,101.2658978,87.18728641,12.77731492,3.625891932,6.025785705,5.366599521,5.507375866,7.088562338
Gen102,Site1,Loc1,R2,2,6,97.75117146,91.19787741,11.65984597,6.101932132,5.724921131,5.67634631,3.94638605,6.825540851
Gen103,Site1,Loc1,R2,3,6,97.48352578,124.8601867,12.51913276,5.060662448,5.433601562,4.465336484,7.278045192,9.022979872
Gen104,Site1,Loc1,R2,4,6,87.700564,102.5520382,11.30308492,4.454471574,4.512137005,4.185931813,4.460407157,9.569593147
Gen105,Site1,Loc1,R2,5,6,108.4676846,94.00958442,11.14307691,5.073220797,3.216561469,4.262095892,4.539325529,8.106036891
Gen106,Site1,Loc1,R2,6,6,101.5499604,96.86685135,10.57987003,4.327903434,4.662063927,5.846482616,5.925570207,7.807892095
Gen107,Site1,Loc1,R2,7,6,98.24477336,97.53233219,14.23772882,6.243004549,4.464297771,4.705490503,6.52908947,7.890312112
Gen108,Site1,Loc1,R2,8,6,91.35170899,91.03370805,13.56062937,3.91483375,5.397557444,4.752996914,4.833535503,9.213505096
Gen109,Site1,Loc1,R2,9,6,123.4218275,101.0638353,11.71330508,5.597643917,3.979532706,7.584111146,5.394953115,9.095934215
Gen110,Site1,Loc1,R2,10,6,104.9074137,106.9232554,11.09196923,6.513102161,4.681392795,4.171281982,4.66582862,9.208056185
Gen111,Site1,Loc1,R2,11,6,102.593815,95.67737082,13.08141913,4.884142584,4.555975956,4.542284996,4.273857337,8.714672601
Gen112,Site1,Loc1,R2,12,6,104.2923756,102.7309744,10.17103043,5.928761871,6.557817585,5.629168463,5.798340821,8.369087519
Gen113,Site1,Loc1,R2,13,6,100.6787677,89.76921765,12.43826293,5.046122036,4.369310461,3.157898579,5.982468771,8.526606895
Gen114,Site1,Loc1,R2,14,6,103.434985,123.0726404,12.85525916,3.668066515,2.654958283,6.550684429,6.278561564,6.918290329
Gen115,Site1,Loc1,R2,15,6,104.6758202,103.6194944,11.34251013,3.966383664,3.712936562,5.486138043,6.008733382,9.176308743
Gen116,Site1,Loc1,R2,16,6,97.17506886,102.8188449,10.92003487,5.461385288,5.487478018,3.57536838,5.42062676,7.97603676
Gen117,Site1,Loc1,R2,17,6,100.2565122,101.6641014,12.4367344,6.171896739,4.686775944,5.45512067,6.093104729,8.289515211
Gen118,Site1,Loc1,R2,18,6,90.26736984,102.1568111,12.15321201,4.319288629,5.383346023,3.147966023,5.078516706,8.2902733
Gen119,Site1,Loc1,R2,19,6,109.6024305,87.46157179,12.62997955,5.174793313,4.060196188,4.236328533,6.621466804,8.808415749
Gen120,Site1,Loc1,R2,20,6,105.0816147,101.0733077,11.12607881,4.018071697,4.16512032,5.768596578,6.143549592,6.641166794
Gen121,Site1,Loc1,R2,1,7,97.73011153,105.629833,12.99153615,5.505003063,4.877422782,4.576670336,3.603447722,8.539147026
Gen122,Site1,Loc1,R2,2,7,99.34444252,89.45506314,12.70330996,5.0607291,4.754998768,6.630655719,3.904258819,8.500514279
Gen123,Site1,Loc1,R2,3,7,73.04106759,105.3538518,12.69144484,4.899910898,4.850890811,5.640496961,3.333234109,8.690961946
Gen124,Site1,Loc1,R2,4,7,102.8135959,102.8328596,12.36948284,5.974431327,6.564244885,4.982248798,4.125249891,9.9672667
Gen125,Site1,Loc1,R2,5,7,108.8555691,112.2334552,12.74953342,5.382756929,4.452786963,4.278931817,4.358603906,8.851030027
Gen126,Site1,Loc1,R2,6,7,104.9888646,92.25736369,10.8603454,5.900534995,3.146520692,4.350333883,5.751116454,9.241034288
Gen127,Site1,Loc1,R2,7,7,90.51055994,110.2548016,12.81530746,4.345592116,5.893934445,5.043914649,6.324732717,7.789851118
Gen128,Site1,Loc1,R2,8,7,97.41057904,104.2498399,13.05643985,4.655770705,5.466295594,3.456198075,6.003604681,8.022938485
Gen129,Site1,Loc1,R2,9,7,82.77385817,88.05611091,11.8073969,4.165529367,4.815547907,5.190483686,5.264291548,8.7072895
Gen130,Site1,Loc1,R2,10,7,101.4203028,99.53729919,12.47306493,7.069682741,4.412107329,3.442876956,4.55611837,6.87861694
Gen131,Site1,Loc1,R2,11,7,105.2115239,81.81102026,12.43984656,6.639606604,4.512656474,4.835474561,5.005797508,9.074053627
Gen132,Site1,Loc1,R2,12,7,104.9804532,104.7129536,12.39323586,4.243426428,4.107705355,5.527318109,4.983034822,6.893358458
Gen133,Site1,Loc1,R2,13,7,88.18674759,86.2062803,10.14891368,4.201854581,5.183544028,4.369912496,5.345016383,7.934532412
Gen134,Site1,Loc1,R2,14,7,110.9505888,113.1724841,13.69810911,6.902739765,4.135321102,6.810986838,6.181419367,8.61430667
Gen135,Site1,Loc1,R2,15,7,93.43136105,113.9553656,11.926468,6.226198054,4.429587982,3.621386616,5.021138387,6.432344157
Gen136,Site1,Loc1,R2,16,7,97.07280935,80.86571058,11.80165517,5.946977154,4.088714327,4.885260025,3.274832722,7.634476312
Gen137,Site1,Loc1,R2,17,7,88.94038549,96.65322437,11.91177835,4.392609276,5.190405086,4.68458672,4.761077309,7.73414624
Gen138,Site1,Loc1,R2,18,7,99.44803561,111.9116739,11.93991062,5.01215504,4.973195774,5.148070198,4.808865675,8.504209457
Gen139,Site1,Loc1,R2,19,7,94.10414072,103.7301009,12.56679185,4.562910809,5.435179181,5.874126327,4.987077101,8.060024931
Gen140,Site1,Loc1,R2,20,7,110.2929569,97.68622741,11.06758861,4.459246946,5.079251445,5.800033777,3.788248534,8.387543331
Gen141,Site1,Loc1,R2,1,8,103.5767794,120.8505317,12.65073317,3.435516499,5.761294842,5.349741709,6.024818119,8.183305672
Gen142,Site1,Loc1,R2,2,8,128.6226017,90.79942546,12.99749318,4.464882174,4.295374262,4.321346219,7.899884079,8.067308213
Gen143,Site1,Loc1,R2,3,8,85.63480321,105.4261037,12.79202551,5.594918024,5.83617015,3.981767632,5.814302587,7.330707384
Gen144,Site1,Loc1,R2,4,8,96.49484427,116.4255187,12.75386405,2.993876042,4.498653604,5.647180722,3.947254249,8.216987686
Gen145,Site1,Loc1,R2,5,8,91.56238036,90.42372822,10.76927336,4.88427622,6.14663353,4.705814197,5.872901056,7.371164717
Gen146,Site1,Loc1,R2,6,8,115.7194828,101.2252696,12.31772073,6.532706964,4.560803659,5.064104022,5.55028429,7.258241212
Gen147,Site1,Loc1,R2,7,8,104.6332993,99.26284723,12.69631656,5.37935222,4.206909455,4.062655504,5.518690615,6.831884416
Gen148,Site1,Loc1,R2,8,8,123.4280135,105.0598292,11.70161657,5.143837195,5.999885745,8.61524222,4.667429751,8.137744693
Gen149,Site1,Loc1,R2,9,8,102.4197287,91.1863045,11.40969006,5.530574116,3.32819814,6.182966261,4.975199182,6.162838637
Gen150,Site1,Loc1,R2,10,8,94.04606237,84.43042725,10.04716018,2.273059754,4.817377547,3.798102146,4.895281629,8.318379211
Gen151,Site1,Loc1,R2,11,8,96.25211236,117.2086665,10.50968766,4.666327987,4.499748568,5.47637756,6.866658268,8.89124136
Gen152,Site1,Loc1,R2,12,8,109.0969552,96.42463926,12.73426663,7.665271302,4.312916385,4.052379092,5.984457365,8.189431893
Gen153,Site1,Loc1,R2,13,8,107.4307461,91.9382929,11.74224014,3.018682415,5.769912374,4.877061733,5.998218966,8.889814822
Gen154,Site1,Loc1,R2,14,8,87.89518206,101.2245991,9.290786695,6.368189649,7.905594745,5.704675863,5.166700306,7.805911012
Gen155,Site1,Loc1,R2,15,8,113.0629999,115.5730467,11.82083988,3.960660426,5.396692504,4.046059886,4.804111872,8.188628584
Gen156,Site1,Loc1,R2,16,8,106.2879211,107.3409609,12.9480064,6.386700127,8.173717935,5.342019895,5.854310653,9.332145165
Gen157,Site1,Loc1,R2,17,8,77.0737574,97.76917673,11.73239974,4.422109788,5.076288338,4.599726035,4.715663652,8.373720664
Gen158,Site1,Loc1,R2,18,8,89.33497229,92.7574748,11.56685424,6.730268413,4.251799299,4.781568705,6.26424287,8.360616266
Gen159,Site1,Loc1,R2,19,8,110.7709948,109.4550633,12.17627283,5.138014077,5.002105381,5.064404035,5.922533444,9.107024554
Gen160,Site1,Loc1,R2,20,8,97.08532985,102.7642066,11.16320734,4.381890798,5.023540512,6.50860691,5.671870889,9.686141916
Gen161,Site1,Loc1,R2,1,9,97.71999366,119.7035229,11.86512022,3.628380223,3.413476163,4.486261985,5.198951539,7.02892173
Gen162,Site1,Loc1,R2,2,9,108.0056972,96.49410216,12.85148404,3.390935275,6.650647993,4.391770761,4.634899212,6.649380742
Gen163,Site1,Loc1,R2,3,9,106.0849305,105.6674032,11.05852142,5.114262901,2.980620864,4.562155024,5.569046626,7.577608719
Gen164,Site1,Loc1,R2,4,9,92.79409049,100.5237766,10.01623645,3.315033139,3.877275516,6.508483811,6.723059024,7.876889946
Gen165,Site1,Loc1,R2,5,9,96.11934364,96.89402414,11.97957619,4.70870015,4.295648536,5.825151263,4.436331846,7.965213357
Gen166,Site1,Loc1,R2,6,9,101.6237971,95.77311972,11.02681214,4.458034952,5.859547593,5.834303049,5.38024889,8.953246213
Gen167,Site1,Loc1,R2,7,9,96.49079881,104.6313902,12.01313248,4.374599474,4.935056772,5.037167768,4.06791374,8.481125869
Gen168,Site1,Loc1,R2,8,9,102.9637166,91.32463123,12.47335933,3.470171473,7.746741473,5.753127671,6.127015003,8.282962006
Gen169,Site1,Loc1,R2,9,9,107.1805236,108.645529,11.47935526,3.71994847,5.854544466,4.579861065,6.34531504,6.761228255
Gen170,Site1,Loc1,R2,10,9,122.711064,86.35689269,12.50964451,3.085519043,4.243059449,4.954293444,5.881973396,9.42316188
Gen171,Site1,Loc1,R2,11,9,101.0875361,98.45000869,12.33272948,5.576302938,5.613839699,4.879614162,4.04180958,6.628295413
Gen172,Site1,Loc1,R2,12,9,107.8204866,89.61653286,12.38527475,3.519694656,4.822665376,4.331023899,5.446398335,8.060161977
Gen173,Site1,Loc1,R2,13,9,112.3788508,110.1192504,11.8010448,3.977488227,4.970077225,7.120836914,4.865202083,5.973941745
Gen174,Site1,Loc1,R2,14,9,109.155821,98.06342043,11.28842179,5.54904574,4.691396359,4.317873903,6.890720004,8.237600274
Gen175,Site1,Loc1,R2,15,9,81.94565454,93.01812838,11.95226173,5.097998331,4.394409593,6.776191271,4.564251943,8.300602303
Gen176,Site1,Loc1,R2,16,9,111.7640407,109.4980365,13.54171546,4.99001631,5.203398345,3.703382932,4.236140949,8.548086603
Gen177,Site1,Loc1,R2,17,9,110.8860048,89.68753495,11.19745357,3.516267558,4.989243816,5.128525834,6.962613341,10.10885119
Gen178,Site1,Loc1,R2,18,9,98.0626619,92.92282738,11.23590292,3.253258768,4.475106518,6.095373066,5.697528315,8.420554454
Gen179,Site1,Loc1,R2,19,9,112.3557935,124.7030629,12.46394659,3.559838687,3.368207449,4.127088455,4.522036613,8.690809193
Gen180,Site1,Loc1,R2,20,9,105.1687937,96.09328055,12.70554659,6.128661312,3.863051416,5.458434474,4.598633298,7.35347417
Gen181,Site1,Loc1,R2,1,10,106.5221681,89.70311866,10.94719509,4.016840821,3.415726803,5.863785082,4.457003768,8.709214763
Gen182,Site1,Loc1,R2,2,10,100.7927507,100.7350553,12.61608498,2.168140806,4.528572383,4.584509682,5.196072606,6.288719824
Gen183,Site1,Loc1,R2,3,10,111.4111861,85.30720132,11.99755216,6.157411121,7.787622983,4.983479071,4.200783174,6.450121857
Gen184,Site1,Loc1,R2,4,10,81.26078281,94.78186933,13.54687085,5.033832865,3.427236276,4.709085524,5.330067316,6.488236945
Gen185,Site1,Loc1,R2,5,10,91.77761424,102.6383168,12.25355156,4.217929905,7.98492839,6.246768743,5.000980477,6.088647202
Gen186,Site1,Loc1,R2,6,10,99.57658566,95.03719493,12.46717732,4.524265141,3.791370954,5.138399399,5.332111987,7.32449257
Gen187,Site1,Loc1,R2,7,10,112.0000739,99.87838862,13.37273047,5.190506338,5.35122518,3.309860862,6.235543676,7.915826699
Gen188,Site1,Loc1,R2,8,10,93.74042522,103.7109246,13.36803884,5.620685682,5.388760587,4.22946519,6.092521981,7.587969397
Gen189,Site1,Loc1,R2,9,10,104.7209148,99.00220849,10.62377076,4.163287416,5.345612786,5.438432719,4.293638776,9.882224587
Gen190,Site1,Loc1,R2,10,10,106.6078153,94.61469012,10.17081828,5.38171249,4.303004936,6.31670903,4.873361258,7.176336741
Gen191,Site1,Loc1,R2,11,10,81.11025351,101.3367861,11.86991632,5.606697573,5.43113518,5.152850534,4.899085251,7.647039974
Gen192,Site1,Loc1,R2,12,10,108.0816954,98.61834899,11.76852487,4.232781254,3.730562241,4.36138134,4.168735928,7.755575274
Gen193,Site1,Loc1,R2,13,10,98.60777199,86.25375445,12.39602624,5.603386494,5.46039838,6.57182567,5.954978134,6.970661043
Gen194,Site1,Loc1,R2,14,10,106.529577,109.50697,9.985949164,4.764573395,5.335079989,4.588124842,3.937131429,7.883865609
Gen195,Site1,Loc1,R2,15,10,83.12700827,102.2557102,12.34298393,4.345695629,4.818074121,3.328191625,5.307163146,7.250081167
Gen196,Site1,Loc1,R2,16,10,76.85533758,97.05997829,12.00407252,6.27238247,4.937699651,5.377412261,6.111390869,8.582654681
Gen197,Site1,Loc1,R2,17,10,99.30350343,96.36256413,11.11383229,3.82507493,4.85256791,4.479348322,3.952389442,5.998478632
Gen198,Site1,Loc1,R2,18,10,89.71306177,98.409668,13.11152766,4.665244173,5.609347221,5.994067251,4.488370051,7.505486764
Gen199,Site1,Loc1,R2,19,10,91.69126467,101.7380138,13.10213265,4.286041515,3.40663403,5.326821392,5.26370068,8.47201259
Gen200,Site1,Loc1,R2,20,10,100.6243737,109.4589891,11.18939775,4.497101979,4.953193157,5.538429595,5.102327189,7.873774563
Gen1,Site1,Loc1,R3,1,1,100.3524028,95.10305892,11.62918096,5.955260949,6.781880458,5.896609852,3.843881092,8.51520723
Gen2,Site1,Loc1,R3,2,1,119.3954801,100.0537604,12.5942284,4.22694268,5.440872591,4.581070517,3.325738196,8.034185878
Gen3,Site1,Loc1,R3,3,1,103.532823,97.93061867,11.7386496,4.844208293,6.671548657,3.680824711,5.156017074,7.619504084
Gen4,Site1,Loc1,R3,4,1,91.02055182,94.05084201,12.03789656,4.860175218,5.329032334,4.885935703,4.847443724,8.742265778
Gen5,Site1,Loc1,R3,5,1,115.5448012,124.2835471,11.85221962,4.522032092,5.596644442,4.961321025,6.212353641,7.339104041
Gen6,Site1,Loc1,R3,6,1,108.7713536,108.820158,11.43559617,4.444866637,3.306484695,7.282790025,5.643883187,7.343043164
Gen7,Site1,Loc1,R3,7,1,101.1965059,101.986144,11.19725281,6.401526252,5.135403968,5.363380907,6.168261758,6.568641272
Gen8,Site1,Loc1,R3,8,1,102.8238366,97.48727197,11.63467714,5.361196875,6.139107654,5.320407257,4.345291801,7.763737405
Gen9,Site1,Loc1,R3,9,1,100.8534687,109.2565354,12.21600408,6.220726496,4.600180962,6.96624379,5.443150046,8.113471869
Gen10,Site1,Loc1,R3,10,1,102.8212892,102.914832,12.92171838,4.281337505,5.883100817,5.713870502,3.063940088,7.687377998
Gen11,Site1,Loc1,R3,11,1,91.40852284,97.68570664,10.20659369,5.225851002,4.775109693,5.26789793,3.911036224,6.525961594
Gen12,Site1,Loc1,R3,12,1,95.89459765,107.7084469,11.53535807,3.905962411,4.958061146,2.785574033,3.547285844,9.268337104
Gen13,Site1,Loc1,R3,13,1,102.5432481,118.2068974,11.61350715,4.560962696,4.245814514,5.435489072,5.747215767,10.16100794
Gen14,Site1,Loc1,R3,14,1,105.4156753,97.22448137,12.31009765,4.888318774,4.806733477,6.04889634,7.1530598,7.395452635
Gen15,Site1,Loc1,R3,15,1,96.41378531,103.7536513,12.15427428,6.531989128,6.494096225,5.489969537,5.803207436,9.677316975
Gen16,Site1,Loc1,R3,16,1,96.28663056,91.11419897,11.80206414,4.747804511,5.363144675,3.5421312,4.963711041,8.555055693
Gen17,Site1,Loc1,R3,17,1,100.3276647,103.8682442,13.71849416,4.68964906,3.884113089,5.047052189,5.002070509,6.898749698
Gen18,Site1,Loc1,R3,18,1,87.42121414,106.335448,13.42927209,6.744279507,3.982789141,5.134746106,6.324368604,7.322515878
Gen19,Site1,Loc1,R3,19,1,111.3329383,108.338694,12.61690105,4.136862762,4.059685467,5.207146489,3.944246152,9.721850719
Gen20,Site1,Loc1,R3,20,1,89.89575454,93.14051616,10.80533293,4.776184793,6.000937323,5.21685404,6.049491547,7.190040348
Gen21,Site1,Loc1,R3,1,2,103.1560307,113.73611,12.15344874,4.977305255,5.176793534,5.075192013,4.244297012,7.835528379
Gen22,Site1,Loc1,R3,2,2,114.5326033,117.5898866,11.06429929,4.692673645,4.528962586,4.577054729,5.287051826,8.464931033
Gen23,Site1,Loc1,R3,3,2,111.2286352,107.2116836,13.23278326,4.467714469,5.758412029,5.649231851,3.707423432,7.302790571
Gen24,Site1,Loc1,R3,4,2,105.6835388,95.20922626,12.6924131,5.978967741,5.06976652,5.602950438,5.360050015,9.008527286
Gen25,Site1,Loc1,R3,5,2,98.13199009,107.7453927,12.70066998,4.552883048,5.524666943,5.000399609,4.515396678,8.769640285
Gen26,Site1,Loc1,R3,6,2,82.79594942,113.4970229,11.9217919,4.868940769,4.281405806,4.765066727,3.576168357,9.148878892
Gen27,Site1,Loc1,R3,7,2,99.44195652,94.39955832,12.66250762,4.462412745,4.822222084,4.553740614,4.803247557,8.596842881
Gen28,Site1,Loc1,R3,8,2,107.9687353,102.0924684,11.91651861,7.0894371,4.014202875,5.115603487,4.358225606,6.31729835
Gen29,Site1,Loc1,R3,9,2,92.51447354,101.6431212,12.33952359,5.97628004,5.75646099,4.38730849,5.514869076,9.134212805
Gen30,Site1,Loc1,R3,10,2,102.8892274,84.84433474,10.92307549,4.716757196,4.947225962,4.014106364,5.28906093,9.696964564
Gen31,Site1,Loc1,R3,11,2,96.92215477,97.44201841,13.10184221,4.698120803,3.702896252,3.498325927,3.904484825,8.181762021
Gen32,Site1,Loc1,R3,12,2,117.5615806,101.1331095,14.01822912,6.516421458,5.973224213,5.298692407,4.688696656,7.118512065
Gen33,Site1,Loc1,R3,13,2,105.2012059,88.51073943,11.55265201,6.145243163,4.593403985,4.794611818,3.431135253,9.203226299
Gen34,Site1,Loc1,R3,14,2,92.40604552,112.6827921,9.940976933,4.409196353,5.972326108,5.017545763,4.386998833,9.054224562
Gen35,Site1,Loc1,R3,15,2,92.60888334,96.21884127,11.79688771,3.968965352,7.643878622,6.361959804,4.921186472,8.243141316
Gen36,Site1,Loc1,R3,16,2,78.73651019,114.9573859,10.97836958,4.550155019,6.561900894,4.911565851,5.197036209,8.04245009
Gen37,Site1,Loc1,R3,17,2,91.94459903,115.4262301,12.97721215,3.370178193,3.57650186,4.956030088,4.541142861,7.934754372
Gen38,Site1,Loc1,R3,18,2,102.5403655,108.5908453,11.74624426,4.409636003,5.6538247,4.539888832,6.386478632,7.853119737
Gen39,Site1,Loc1,R3,19,2,107.957579,106.4917739,13.48466335,5.202106382,3.255031603,5.355249311,6.156237587,6.93016468
Gen40,Site1,Loc1,R3,20,2,96.29781078,98.21806915,11.75527794,4.709404313,5.176910091,3.495491014,6.261164626,8.016945936
Gen41,Site1,Loc1,R3,1,3,106.2924575,118.6904528,11.73050328,6.236175175,5.514458063,5.551292939,5.036389445,8.239395181
Gen42,Site1,Loc1,R3,2,3,105.1349555,92.22879668,9.923741285,2.969177605,4.744911673,5.088027962,5.014971507,7.307861502
Gen43,Site1,Loc1,R3,3,3,91.49804834,98.17410457,11.56032838,5.203581753,3.836829954,3.952257098,4.521813528,6.62711095
Gen44,Site1,Loc1,R3,4,3,95.78720823,103.1180949,13.96384457,6.978965157,5.644339796,6.870416213,4.467283905,7.031830515
Gen45,Site1,Loc1,R3,5,3,98.47796744,96.3863187,11.78677326,2.453193142,6.724584227,5.488226824,5.667813378,10.24547518
Gen46,Site1,Loc1,R3,6,3,97.97914545,93.47012996,11.59838679,4.127908064,5.742316087,6.061574403,3.147510405,8.848977186
Gen47,Site1,Loc1,R3,7,3,97.13283504,108.1401297,9.799022685,3.15858985,3.352401215,5.309302605,5.48693658,7.456873645
Gen48,Site1,Loc1,R3,8,3,86.36691538,94.45048381,11.33182335,5.677326095,6.390974619,6.300407411,4.679241558,7.989465959
Gen49,Site1,Loc1,R3,9,3,87.82324229,84.75865733,11.47126315,3.965095232,6.055902594,3.597100791,5.045890566,8.345474393
Gen50,Site1,Loc1,R3,10,3,103.9331407,111.475726,10.95608895,4.349686834,6.138001665,5.29422132,4.819761595,6.347849873
Gen51,Site1,Loc1,R3,11,3,88.99409882,90.68902168,12.57931868,5.595721042,4.862595499,4.358890996,4.036333366,8.248589412
Gen52,Site1,Loc1,R3,12,3,112.9811459,97.54868186,10.02838578,3.788499238,5.674213998,5.749301599,6.37030145,7.319194242
Gen53,Site1,Loc1,R3,13,3,110.3711672,104.6867147,11.31441821,4.247866834,5.206752826,6.097458869,3.243327184,6.664051549
Gen54,Site1,Loc1,R3,14,3,81.12530423,98.13447935,11.02931092,5.878681894,4.203614439,5.724068175,6.464334871,7.376190881
Gen55,Site1,Loc1,R3,15,3,101.7671777,104.8374763,11.90202725,4.424596882,3.56867627,6.414817773,5.260513467,10.0295202
Gen56,Site1,Loc1,R3,16,3,111.4299047,108.216966,11.74422511,6.283487961,5.129449089,4.721873547,5.622299888,10.19123675
Gen57,Site1,Loc1,R3,17,3,112.1403671,109.7754515,12.46166703,2.839137227,3.769894953,3.981436819,6.380315764,7.036650529
Gen58,Site1,Loc1,R3,18,3,77.74343001,96.70341383,12.63939469,4.752139099,5.845191448,7.111732176,4.017734337,9.46140044
Gen59,Site1,Loc1,R3,19,3,107.3964893,90.7683527,12.2879538,4.339036,3.204759664,5.328706392,4.248733418,6.945433481
Gen60,Site1,Loc1,R3,20,3,87.99347037,100.9381559,11.20875988,5.149092395,4.375076941,4.845846792,5.860766336,9.200573333
Gen61,Site1,Loc1,R3,1,4,99.53402337,108.0729674,12.36588269,7.692275338,5.36912973,4.328210467,3.589478088,8.156939836
Gen62,Site1,Loc1,R3,2,4,93.5639239,95.88990867,13.55813776,4.835278393,5.00963259,4.991508345,4.182381945,9.351032439
Gen63,Site1,Loc1,R3,3,4,111.665064,113.3325077,12.9960229,3.033949294,5.596099851,4.730519759,4.228043232,8.750614014
Gen64,Site1,Loc1,R3,4,4,112.0267388,79.2081156,11.07826294,5.411928403,5.651485553,3.354514592,5.287055631,8.949250405
Gen65,Site1,Loc1,R3,5,4,110.0071473,98.39834971,10.79331411,5.217753092,5.247911288,3.958310825,5.535358084,8.710364538
Gen66,Site1,Loc1,R3,6,4,86.50481468,102.4849832,13.17824486,5.386839226,5.60718145,5.473926621,5.724195668,7.658708457
Gen67,Site1,Loc1,R3,7,4,108.6125364,98.62869259,12.35744962,7.194727161,4.381886302,4.483801168,5.273960433,8.100747726
Gen68,Site1,Loc1,R3,8,4,115.9441997,105.6363571,13.16025017,4.558739961,5.600169346,4.720515056,3.969517684,8.743798572
Gen69,Site1,Loc1,R3,9,4,128.7041945,97.9191236,10.62429031,6.951642775,5.503629285,3.653319819,5.598518277,9.171596037
Gen70,Site1,Loc1,R3,10,4,104.873922,104.1283587,9.93548658,3.811282806,5.071831495,4.486992531,4.909130988,8.900211379
Gen71,Site1,Loc1,R3,11,4,92.04211252,105.8213855,11.66034088,5.320916325,3.912121289,5.60629248,5.228672956,7.38886073
Gen72,Site1,Loc1,R3,12,4,93.4024728,81.87624193,13.01202862,7.017883495,3.206114883,5.127709325,3.740604472,7.85959268
Gen73,Site1,Loc1,R3,13,4,97.34219891,109.2984077,11.82405944,4.058655927,5.282126869,6.856142416,5.059484178,7.129646295
Gen74,Site1,Loc1,R3,14,4,83.13500673,86.58072869,12.16223359,4.047222547,5.631274976,5.554892821,4.798447759,7.454329198
Gen75,Site1,Loc1,R3,15,4,102.9026907,93.8948203,11.4027705,3.448523424,3.725746293,6.380224959,5.70469025,7.314996896
Gen76,Site1,Loc1,R3,16,4,95.28119576,101.3370843,10.56477672,4.921406607,6.834236102,6.301766773,6.583498369,6.05863557
Gen77,Site1,Loc1,R3,17,4,110.2185587,96.76361465,10.49680661,3.720955121,4.666739014,4.44237922,6.242633918,8.519889423
Gen78,Site1,Loc1,R3,18,4,105.887636,97.2523489,11.02805815,5.066728594,5.898162306,5.619252303,5.680379005,7.062888892
Gen79,Site1,Loc1,R3,19,4,107.6278895,91.44321051,12.68559821,5.453330461,4.395631005,5.095746424,3.952734749,6.82967768
Gen80,Site1,Loc1,R3,20,4,103.9787985,102.853642,13.23372911,4.616268258,4.724457162,5.420606156,5.122649039,5.625345789
Gen81,Site1,Loc1,R3,1,5,99.23966172,120.107334,10.63726573,5.638376792,3.645928418,4.94269589,5.154379324,7.114047627
Gen82,Site1,Loc1,R3,2,5,108.3216565,105.0531917,11.74865175,6.660351728,7.179954889,6.011710116,6.038686651,6.939637883
Gen83,Site1,Loc1,R3,3,5,101.3413976,103.2078867,13.8630275,5.772825156,6.396373099,6.38597188,5.163566272,8.744203815
Gen84,Site1,Loc1,R3,4,5,106.8422385,121.8511198,12.41271691,4.875023482,2.94197356,5.988776133,6.518637553,9.017110475
Gen85,Site1,Loc1,R3,5,5,97.55600445,93.29985621,13.56304516,5.842031417,6.609005239,5.469570531,4.21535907,7.638446245
Gen86,Site1,Loc1,R3,6,5,100.3098055,100.7602685,12.19346975,4.431128295,5.163433117,6.191225521,3.582612634,5.325462557
Gen87,Site1,Loc1,R3,7,5,108.0258047,104.6961086,10.92742468,5.560164604,7.27691346,4.280820855,4.550726046,6.743906768
Gen88,Site1,Loc1,R3,8,5,112.2781025,94.79948548,10.267225,5.569757213,6.169877102,5.669206151,3.54007264,8.316266145
Gen89,Site1,Loc1,R3,9,5,105.4334629,95.0481332,12.33375433,4.392783403,4.635058671,3.517183389,4.936206596,7.186224201
Gen90,Site1,Loc1,R3,10,5,90.67623781,95.40450022,12.3864069,5.262589576,4.286258371,3.937140423,4.808936351,7.813222475
Gen91,Site1,Loc1,R3,11,5,103.2614518,100.317329,12.59807602,4.822956276,4.803746145,4.370059487,5.449463143,6.614316427
Gen92,Site1,Loc1,R3,12,5,87.47611736,97.02824477,12.12184914,5.751369808,4.331964085,5.235262882,4.522865558,7.115260515
Gen93,Site1,Loc1,R3,13,5,86.37775513,96.66250178,12.10945046,5.995289889,3.947965065,3.989036695,3.939823734,9.390122971
Gen94,Site1,Loc1,R3,14,5,113.8192094,109.4188873,12.49228113,5.305920795,4.396161745,5.629587914,4.811297191,7.175775639
Gen95,Site1,Loc1,R3,15,5,114.7662001,110.3272521,12.88206385,5.029997315,4.109476114,6.397836927,6.180762677,7.321867952
Gen96,Site1,Loc1,R3,16,5,117.0927931,105.0926345,12.1378802,3.998565194,5.111783598,6.604806866,3.845335943,7.700975852
Gen97,Site1,Loc1,R3,17,5,99.73117197,102.3556016,11.55293737,4.880365851,5.226821196,5.863845347,3.943316074,6.844374078
Gen98,Site1,Loc1,R3,18,5,88.33488324,97.05875725,12.67789532,6.12871592,4.447948871,5.813788686,3.874166892,5.985067321
Gen99,Site1,Loc1,R3,19,5,105.6272448,100.5367028,11.68880229,4.172291691,5.304331515,5.481671349,2.487943002,8.07570945
Gen100,Site1,Loc1,R3,20,5,114.9107564,96.94505678,11.75922809,5.933812299,6.012530259,4.464198418,6.48552473,6.554502546
Gen101,Site1,Loc1,R3,1,6,115.7904861,89.23075847,11.62475133,3.613744634,4.220987206,6.730046434,5.143766745,6.671313636
Gen102,Site1,Loc1,R3,2,6,101.8948658,96.06393658,11.7142086,4.803945913,5.693340742,4.559827976,4.907384528,7.150220391
Gen103,Site1,Loc1,R3,3,6,93.01205034,106.1682025,13.82460058,4.706751044,5.371365238,5.578576888,3.302257106,6.807524538
Gen104,Site1,Loc1,R3,4,6,79.12510742,109.069433,11.4114637,5.638507241,4.004083686,7.399151186,3.243036551,6.819736358
Gen105,Site1,Loc1,R3,5,6,85.20745324,86.6277216,9.644997438,4.65959616,5.350559783,3.592159854,4.332666907,7.213763549
Gen106,Site1,Loc1,R3,6,6,99.23787466,110.5336162,12.18157845,5.158085854,4.817766808,5.551191592,6.134721701,8.108150938
Gen107,Site1,Loc1,R3,7,6,84.66135928,98.18713858,11.80610334,5.682120437,5.719671639,5.187422065,5.627339741,8.975192137
Gen108,Site1,Loc1,R3,8,6,105.3133286,108.6676233,12.67365607,5.125346351,4.448571816,4.960794154,3.363458558,6.354284477
Gen109,Site1,Loc1,R3,9,6,94.56520452,81.73788217,11.26564975,5.251908172,4.739046359,5.875167543,4.416072111,8.199033396
Gen110,Site1,Loc1,R3,10,6,108.0072132,80.01916097,10.27133865,5.046717428,4.118523147,3.139920598,4.32857634,8.364346554
Gen111,Site1,Loc1,R3,11,6,105.1134637,114.1848732,12.66918412,5.916335943,4.293775695,3.679146092,6.340432912,9.322519604
Gen112,Site1,Loc1,R3,12,6,115.7327307,94.53335588,11.60397507,4.769634115,5.904184512,6.034625969,5.20028713,8.575495958
Gen113,Site1,Loc1,R3,13,6,82.89079904,97.63640329,10.74821561,4.186006035,4.273827465,3.916260471,5.059570921,6.836696234
Gen114,Site1,Loc1,R3,14,6,112.0575691,100.8947886,11.89303333,3.357853774,6.761042562,5.584249364,4.045366217,6.361625395
Gen115,Site1,Loc1,R3,15,6,103.7548916,103.9703235,12.28648722,4.891413618,5.423412813,4.571088784,3.213071889,7.240277087
Gen116,Site1,Loc1,R3,16,6,101.7021285,98.14095714,12.170727,4.323609941,4.654785139,5.134033319,3.74159605,7.943937998
Gen117,Site1,Loc1,R3,17,6,92.74548015,104.9197836,13.19915427,4.017112227,3.933555865,5.346882383,5.78702466,8.556035651
Gen118,Site1,Loc1,R3,18,6,131.5123868,100.0639536,11.6238021,5.401446382,4.313252556,5.280638768,5.646715015,6.623361507
Gen119,Site1,Loc1,R3,19,6,103.9817596,83.12759034,10.97581324,3.209922606,4.590086695,6.027240469,4.608012601,9.7909277
Gen120,Site1,Loc1,R3,20,6,93.01221324,100.7691801,12.22392146,3.768014582,3.950828354,5.21376689,4.813536831,8.702175894
Gen121,Site1,Loc1,R3,1,7,91.87919716,106.9499817,10.97108147,4.92657078,5.060561593,5.624258354,3.89715267,8.031358378
Gen122,Site1,Loc1,R3,2,7,98.0132598,99.31431315,10.72173739,4.291878205,4.292878,6.280907407,3.973250673,7.266853968
Gen123,Site1,Loc1,R3,3,7,87.445263,102.4410313,11.37459656,3.235178763,4.52805741,5.324230843,6.028812085,8.645382124
Gen124,Site1,Loc1,R3,4,7,105.486285,113.0392214,10.48620614,4.526273892,4.831704159,3.703596963,4.295767961,7.088868488
Gen125,Site1,Loc1,R3,5,7,99.5240965,87.38393339,13.41789552,4.259559222,6.272811895,3.890255,5.014191219,8.414171464
Gen126,Site1,Loc1,R3,6,7,98.33941114,100.2040811,12.902822,6.311675306,3.527967353,4.684206213,5.59252786,7.721075839
Gen127,Site1,Loc1,R3,7,7,87.409743,119.2348857,10.85746845,4.317523318,5.162386063,3.439246899,4.341861857,7.093769291
Gen128,Site1,Loc1,R3,8,7,117.7113238,95.88590434,13.30079078,3.497678163,5.622491077,5.134979838,4.786387785,7.303520807
Gen129,Site1,Loc1,R3,9,7,83.49823897,94.67582034,11.09274224,4.149951386,6.034460805,5.279494497,4.418727135,7.075333424
Gen130,Site1,Loc1,R3,10,7,100.8144824,91.87407619,12.12375535,5.424247493,6.419467983,6.211201775,5.182459891,7.920564226
Gen131,Site1,Loc1,R3,11,7,90.19854524,81.56802351,10.57636053,4.490384346,4.636248541,5.804897802,5.805519795,8.030019263
Gen132,Site1,Loc1,R3,12,7,91.775096,103.732244,12.34550214,5.343733211,5.206772097,4.636008948,4.688588644,6.808551249
Gen133,Site1,Loc1,R3,13,7,89.5235368,85.05408864,11.98978032,6.308324538,4.568170695,4.401108089,4.80557506,8.040309724
Gen134,Site1,Loc1,R3,14,7,101.0538777,97.04306222,12.72465345,5.132786783,3.62010337,6.661594923,3.795401149,7.354481478
Gen135,Site1,Loc1,R3,15,7,98.48333571,85.14117818,11.78806558,5.776796049,4.225579441,5.652933813,5.495937358,7.342249591
Gen136,Site1,Loc1,R3,16,7,105.4798723,96.36712535,11.58375874,4.197176169,4.785001634,4.992316748,5.121757581,6.840674809
Gen137,Site1,Loc1,R3,17,7,95.85745754,96.50121375,10.18364044,4.583037846,4.801216861,5.647218893,6.114131337,6.26048444
Gen138,Site1,Loc1,R3,18,7,93.12548842,90.01443571,11.16378386,5.929073398,5.087736748,4.796064861,8.034335356,6.4798504
Gen139,Site1,Loc1,R3,19,7,97.22745369,118.5308731,10.3284412,4.170840239,5.565406041,2.441639008,6.531446763,7.07784872
Gen140,Site1,Loc1,R3,20,7,98.58653071,95.02267087,11.24984995,4.443317998,5.9492139,4.017259093,4.222930005,8.473162977
Gen141,Site1,Loc1,R3,1,8,114.3701913,113.9777493,11.45140343,4.839675986,4.314765472,5.196889665,3.667353536,8.613095682
Gen142,Site1,Loc1,R3,2,8,117.0122501,105.287177,12.58001345,3.976101451,7.545504669,6.123237986,5.388169068,8.543294433
Gen143,Site1,Loc1,R3,3,8,99.78811527,88.12220183,13.89261085,3.962956688,4.71960923,4.327750626,6.769542869,6.406607103
Gen144,Site1,Loc1,R3,4,8,105.051,97.49709313,12.13871291,5.507391657,4.185864411,5.997759611,3.613084658,8.816668639
Gen145,Site1,Loc1,R3,5,8,92.11491713,119.2645401,12.75332145,4.613605146,4.974223808,7.183532283,5.60932282,7.551938173
Gen146,Site1,Loc1,R3,6,8,109.3887207,90.15173671,11.30511436,5.292457159,3.690404863,5.150649758,4.252936377,7.602041021
Gen147,Site1,Loc1,R3,7,8,95.99546788,96.93924222,10.5674971,5.758521092,4.205887631,4.707658116,5.295572899,8.591052416
Gen148,Site1,Loc1,R3,8,8,111.5179503,115.5943179,10.94397481,4.236652083,6.939329647,3.72529953,4.229036869,8.181480675
Gen149,Site1,Loc1,R3,9,8,101.2196436,92.80229072,11.83186717,4.087995647,6.085737428,4.40042672,5.225991569,7.529030163
Gen150,Site1,Loc1,R3,10,8,94.37595002,128.5742703,12.59004491,6.0308359,4.231668697,4.740151961,6.100877787,9.086976045
Gen151,Site1,Loc1,R3,11,8,111.3239433,97.09612883,12.8525676,4.032368193,5.677785546,2.907903917,5.261299162,7.438381194
Gen152,Site1,Loc1,R3,12,8,96.70487537,71.48803075,13.57821412,7.009227465,5.351292855,4.496587492,3.874448962,8.532542172
Gen153,Site1,Loc1,R3,13,8,104.6529952,95.34190798,11.40379507,4.655361993,4.445068515,3.91053027,4.658781993,7.200431756
Gen154,Site1,Loc1,R3,14,8,106.5488651,90.83607718,11.28060838,3.701811619,5.888677923,4.677856005,3.85160905,8.139808028
Gen155,Site1,Loc1,R3,15,8,96.31998557,106.8126359,11.39961494,5.571960975,3.919434503,5.228518013,6.294400599,10.26119334
Gen156,Site1,Loc1,R3,16,8,87.32749756,106.220765,11.70241104,4.528229856,5.646435001,6.760545283,6.314529275,8.023116167
Gen157,Site1,Loc1,R3,17,8,110.2160656,107.3010965,13.19122372,3.993095044,6.669590051,5.030529034,4.811188375,9.580984675
Gen158,Site1,Loc1,R3,18,8,124.4228466,115.1931221,11.22693222,5.648972731,3.302091921,3.597013948,3.926867071,8.404788697
Gen159,Site1,Loc1,R3,19,8,87.5240666,96.14665445,11.33668772,5.203294795,4.405557106,5.71867536,4.836138394,8.815287552
Gen160,Site1,Loc1,R3,20,8,90.92847784,117.4244994,12.12087122,6.600156372,5.124816967,6.492269351,7.36368276,7.10689087
Gen161,Site1,Loc1,R3,1,9,91.74693557,87.1812272,12.75824967,3.331317205,6.683741591,4.642118798,4.819856103,7.421841431
Gen162,Site1,Loc1,R3,2,9,81.39012897,88.46335655,12.89578584,5.508981911,6.26858032,4.952322601,6.030289696,7.160266271
Gen163,Site1,Loc1,R3,3,9,100.8031268,102.7407208,11.74866967,5.797041175,4.901183801,4.62644568,6.485467841,8.322063967
Gen164,Site1,Loc1,R3,4,9,81.09158445,114.7050975,12.16097714,4.204622582,5.069138406,6.296001102,6.500419351,8.043353178
Gen165,Site1,Loc1,R3,5,9,123.8846542,125.6969338,12.48645114,3.748732488,4.545657869,4.225882117,4.91727006,8.577099663
Gen166,Site1,Loc1,R3,6,9,95.27868336,103.0036714,10.50835635,7.012025445,6.122800947,5.132670724,5.106989968,7.91033287
Gen167,Site1,Loc1,R3,7,9,86.64420545,92.75694744,11.65580649,5.568287141,3.742080157,5.248466956,4.19823146,7.39128967
Gen168,Site1,Loc1,R3,8,9,100.5518917,95.82172582,13.04498181,3.910283519,6.587657712,6.009604798,6.919582398,7.51950478
Gen169,Site1,Loc1,R3,9,9,93.15190093,87.50238069,11.15940122,4.60580806,5.734222471,3.818537943,4.07847793,9.182918687
Gen170,Site1,Loc1,R3,10,9,99.3099612,102.6547613,14.06082703,5.512362936,4.615443617,6.090403574,4.830688139,7.497170166
Gen171,Site1,Loc1,R3,11,9,83.38862128,96.68565922,12.18194636,5.249183012,4.858443589,4.02530665,4.886476834,7.166174778
Gen172,Site1,Loc1,R3,12,9,117.5619025,109.0463521,10.68246176,5.089376399,4.147263951,4.767512319,5.923982398,8.849049257
Gen173,Site1,Loc1,R3,13,9,99.86785158,97.07048788,11.97422053,7.360895924,4.670875379,4.368765083,5.794347934,8.0182816
Gen174,Site1,Loc1,R3,14,9,102.6664407,90.69953891,12.47265158,5.52599013,5.898142801,3.033486601,5.644132334,7.594325331
Gen175,Site1,Loc1,R3,15,9,118.1452236,103.7595262,12.78990896,7.148185636,4.505999631,4.545393906,4.438728314,7.9252258
Gen176,Site1,Loc1,R3,16,9,90.13144314,82.21005164,11.41998872,4.368861421,6.10570288,4.107176872,4.794341474,6.790037711
Gen177,Site1,Loc1,R3,17,9,105.4775959,108.0308668,12.12889665,4.291118111,4.380424044,5.41774793,4.548847624,9.249890423
Gen178,Site1,Loc1,R3,18,9,103.7790853,96.59740328,11.55901365,5.649182983,3.865122247,3.872913192,5.235099818,8.286752835
Gen179,Site1,Loc1,R3,19,9,83.23350763,90.56727647,11.63631751,4.454976509,4.350018776,4.889319544,6.277724743,7.798805665
Gen180,Site1,Loc1,R3,20,9,87.75450156,100.6265166,11.46587128,5.679421944,4.909174302,4.653712418,3.385408644,7.435485509
Gen181,Site1,Loc1,R3,1,10,108.7354889,97.85945444,12.66508641,7.307980228,4.942233527,5.626925728,6.191110196,6.726052138
Gen182,Site1,Loc1,R3,2,10,98.7528403,93.49234521,11.19994019,4.748658867,6.788600459,5.659779822,5.523666339,9.650714976
Gen183,Site1,Loc1,R3,3,10,100.5566115,115.9491903,11.93986357,4.643789649,5.390936464,6.301387883,2.504141253,7.589462101
Gen184,Site1,Loc1,R3,4,10,103.1803021,92.56179479,12.13273558,5.781099476,4.656162886,4.545447437,5.776453531,8.079878858
Gen185,Site1,Loc1,R3,5,10,100.5704276,96.03128073,12.65977386,5.412580212,6.067736039,5.191572566,5.227181555,8.960864717
Gen186,Site1,Loc1,R3,6,10,113.6716428,84.06308688,10.83414122,6.12681581,4.953866676,6.078986442,5.223723803,7.90489034
Gen187,Site1,Loc1,R3,7,10,92.19559347,92.26992015,12.40416834,5.953052869,4.724240345,6.062505549,4.330464046,7.490477158
Gen188,Site1,Loc1,R3,8,10,90.01048797,103.2641592,10.8239166,5.141430184,3.425593056,4.608965923,6.790369819,9.017316478
Gen189,Site1,Loc1,R3,9,10,85.74221266,106.2228516,12.30195062,5.392415805,3.790642545,4.74134986,3.405078466,9.162489158
Gen190,Site1,Loc1,R3,10,10,80.1371155,100.2625917,12.74655482,5.565888325,5.450819158,3.97659729,2.647693056,7.889810179
Gen191,Site1,Loc1,R3,11,10,87.84258652,98.4067456,13.8166869,4.087411876,5.217108876,2.539169803,4.727740456,7.72508333
Gen192,Site1,Loc1,R3,12,10,103.9443156,107.8146353,11.89407317,5.764112202,3.249063123,5.678271236,5.34870491,8.029155295
Gen193,Site1,Loc1,R3,13,10,111.1634045,90.84574037,10.97279393,4.505002094,4.057283431,4.976931145,5.72643944,6.90006933
Gen194,Site1,Loc1,R3,14,10,84.67800487,79.3386735,11.32135449,3.736934147,4.890225675,5.86240486,4.20947365,8.427068193
Gen195,Site1,Loc1,R3,15,10,105.8892455,98.62501761,11.45478094,4.833959868,4.697358382,5.455731928,5.056908439,6.382123843
Gen196,Site1,Loc1,R3,16,10,112.3222968,90.89996764,11.85778483,6.352892485,6.573205224,4.676271065,3.83879301,9.123955861
Gen197,Site1,Loc1,R3,17,10,89.8936043,116.1215493,12.44386486,6.103679362,5.783802703,4.464580547,4.170365745,8.181956533
Gen198,Site1,Loc1,R3,18,10,110.3554109,103.4342907,12.65711277,5.382905313,4.399841598,4.946598453,4.179085841,7.685684898
Gen199,Site1,Loc1,R3,19,10,114.4183489,114.6001425,11.00795058,4.881065327,4.722567457,4.81420243,3.749754505,9.001512351
Gen200,Site1,Loc1,R3,20,10,102.9631337,111.1831462,14.75437444,4.949925368,4.506012994,5.524493725,4.10999582,7.685197317
