Gname,Site,Location,Year,Rep,RowBlock,ColBlock,DFL,PH,TN,BLAST,BLS,BLB,TUNGRO,YLD
Gen1,Site1,Loc1,Year1,R1,1,1,110.1736569,91.62337265,12.25173869,5.274456263,5.690032049,4.391926391,4.609142612,8.700183379
Gen2,Site1,Loc1,Year1,R1,2,1,98.19597843,93.26924895,11.32299166,5.503976658,5.303679397,5.437694856,4.410143512,6.395287519
Gen3,Site1,Loc1,Year1,R1,3,1,82.97105523,113.2701172,11.4663479,4.66652501,6.085303255,7.072108442,6.69278632,8.182658002
Gen4,Site1,Loc1,Year1,R1,4,1,95.22052998,118.1119853,11.83059998,5.527732051,5.301661105,5.248543498,5.674831643,7.347736309
Gen5,Site1,Loc1,Year1,R1,5,1,91.99041985,81.36581673,12.96018594,4.0610857,5.147483133,3.689913961,4.488198065,6.938308632
Gen6,Site1,Loc1,Year1,R1,6,1,112.706578,100.5780999,10.82612743,4.050084524,3.982032772,3.896407998,5.699512922,8.777583956
Gen7,Site1,Loc1,Year1,R1,7,1,81.65423199,104.2582801,12.43998692,4.527510354,5.544781888,4.754188711,2.560060901,8.647586614
Gen8,Site1,Loc1,Year1,R1,8,1,95.26787095,103.9791336,11.85688206,5.768203539,6.079332607,4.918700409,5.176516103,8.214505502
Gen9,Site1,Loc1,Year1,R1,9,1,110.5263876,109.9511549,11.78909927,2.468746719,4.364943822,4.732170746,5.018550082,8.851820017
Gen10,Site1,Loc1,Year1,R1,10,1,96.83608063,99.00240571,11.76505237,8.413968465,5.509854843,2.792515432,4.579360757,7.988799749
Gen11,Site1,Loc1,Year1,R1,11,1,99.29511405,110.9864578,13.24938255,5.696949467,6.905674536,2.928753891,4.106875871,7.728312506
Gen12,Site1,Loc1,Year1,R1,12,1,102.0915658,88.39489159,11.23771672,4.627019462,4.822218604,5.33562359,4.651685365,8.99011619
Gen13,Site1,Loc1,Year1,R1,13,1,97.81749489,85.7105018,13.53951463,4.017470288,4.357946709,3.594438627,5.786804947,6.739599269
Gen14,Site1,Loc1,Year1,R1,14,1,97.74389829,105.124091,11.80033425,5.258675048,4.950657099,6.310189095,3.008093136,8.814233462
Gen15,Site1,Loc1,Year1,R1,15,1,100.2582251,121.3911803,12.29153371,6.277021771,4.234559926,5.182781915,3.497876325,5.382022117
Gen16,Site1,Loc1,Year1,R1,16,1,102.0054288,111.4707306,11.05465416,3.521174614,6.173818668,3.539070929,5.85360177,8.41482791
Gen17,Site1,Loc1,Year1,R1,17,1,109.9228805,96.26697115,12.91054374,5.376711891,7.074563326,5.641989471,5.624400175,8.572672132
Gen18,Site1,Loc1,Year1,R1,18,1,110.245786,106.2400654,12.18552963,3.878721971,3.96853861,5.916737405,5.457453905,7.870877267
Gen19,Site1,Loc1,Year1,R1,19,1,109.1017928,102.6150347,11.92657599,5.308612173,5.637938314,4.608839629,7.035935845,9.295970349
Gen20,Site1,Loc1,Year1,R1,20,1,84.87750197,98.16361493,14.13230097,5.546934254,4.776885583,5.940849403,5.045803697,8.445483034
Gen21,Site1,Loc1,Year1,R1,1,2,106.125881,95.00344544,11.73919271,5.932920013,4.554376852,4.672631954,6.688736384,8.973374213
Gen22,Site1,Loc1,Year1,R1,2,2,98.56166434,111.497811,11.46844202,3.119576041,3.353226088,6.232872029,3.99594444,8.633408695
Gen23,Site1,Loc1,Year1,R1,3,2,110.6080543,99.44659364,12.36980213,3.760027403,5.104437865,4.950381904,3.975755105,8.89773471
Gen24,Site1,Loc1,Year1,R1,4,2,114.5712683,99.10610215,12.73233581,6.077153189,4.661306389,4.969188023,6.032637988,8.621994785
Gen25,Site1,Loc1,Year1,R1,5,2,98.22955611,100.1168564,11.59554666,6.555649822,4.089288179,5.194487303,4.996618537,7.770654952
Gen26,Site1,Loc1,Year1,R1,6,2,89.62467678,90.61682187,13.14474556,6.002583592,5.616706812,5.187086325,6.854581236,8.084061922
Gen27,Site1,Loc1,Year1,R1,7,2,91.05956528,102.2346737,12.019733,4.661330636,5.979161582,5.237302566,4.52149097,7.025426075
Gen28,Site1,Loc1,Year1,R1,8,2,100.76884,115.1933799,11.68185909,6.807231533,6.936636108,5.653800159,4.076825298,8.578206571
Gen29,Site1,Loc1,Year1,R1,9,2,89.53198451,115.5269435,13.88020964,6.776391957,5.004745947,6.260805438,5.512358949,9.620878834
Gen30,Site1,Loc1,Year1,R1,10,2,96.7424538,94.4677919,12.82506704,4.37089682,4.257485547,4.318415455,5.304142035,8.744266647
Gen31,Site1,Loc1,Year1,R1,11,2,102.4443219,102.1860476,12.88137996,5.618459463,5.643062501,5.499723212,5.434586241,8.388762542
Gen32,Site1,Loc1,Year1,R1,12,2,111.6384881,100.5272061,12.20221633,5.921805676,7.351560417,3.542319158,4.830655856,5.578716704
Gen33,Site1,Loc1,Year1,R1,13,2,102.4515593,121.3656843,11.97501853,7.078632269,5.273269791,5.985737641,5.878693967,7.220306937
Gen34,Site1,Loc1,Year1,R1,14,2,96.45908786,100.7062663,11.66383137,4.762215758,4.775927422,4.793181138,5.772282418,8.729543329
Gen35,Site1,Loc1,Year1,R1,15,2,96.4930733,96.67391094,12.3616661,4.284396597,4.483580899,6.448614647,4.488987447,6.540780684
Gen36,Site1,Loc1,Year1,R1,16,2,110.0743268,79.92895787,11.36466251,4.744563837,5.946154026,4.840156216,6.115665956,8.897435487
Gen37,Site1,Loc1,Year1,R1,17,2,100.3118378,81.11010556,12.96914136,4.43150041,4.028635332,3.974025574,3.630871598,9.011403289
Gen38,Site1,Loc1,Year1,R1,18,2,103.9337369,99.3677175,10.83544989,4.148193995,4.181088466,5.012909353,5.084790437,8.699873291
Gen39,Site1,Loc1,Year1,R1,19,2,96.56626929,93.62898778,13.85290107,5.45590144,3.152783884,4.795523024,3.844016619,9.181773601
Gen40,Site1,Loc1,Year1,R1,20,2,78.45750473,89.98704665,11.54789706,4.559299871,5.454536958,6.069117881,5.809792456,8.558975536
Gen41,Site1,Loc1,Year1,R1,1,3,119.5921407,97.54834698,9.70442118,6.224742028,5.181522961,4.968657828,5.063282848,7.877709557
Gen42,Site1,Loc1,Year1,R1,2,3,115.3692125,102.4095229,11.09939735,4.474216048,4.179505322,4.124540902,5.110722399,8.186198969
Gen43,Site1,Loc1,Year1,R1,3,3,96.34787035,113.5188203,12.21863353,4.882582402,5.001040255,3.625190429,6.395685236,7.091088921
Gen44,Site1,Loc1,Year1,R1,4,3,101.3756743,100.6934569,9.934995428,5.223579113,3.762804536,3.44444073,5.195644091,7.487825195
Gen45,Site1,Loc1,Year1,R1,5,3,99.04450496,107.9678239,11.16037413,4.1534596,5.944541777,4.529034337,4.629466354,8.398784593
Gen46,Site1,Loc1,Year1,R1,6,3,79.56583945,103.6022435,12.91159759,5.12092968,5.033553943,5.378190315,5.610943821,7.193005984
Gen47,Site1,Loc1,Year1,R1,7,3,93.60143157,81.06831728,11.63834748,4.329354165,4.838592823,4.66830505,3.579775484,7.250874198
Gen48,Site1,Loc1,Year1,R1,8,3,96.88850781,100.2600881,12.426183,4.557675763,5.841479865,4.133239959,5.246977196,8.585164836
Gen49,Site1,Loc1,Year1,R1,9,3,104.1053249,106.4344514,14.27974761,5.938476285,4.551061869,6.313233105,4.114174717,6.940127243
Gen50,Site1,Loc1,Year1,R1,10,3,83.59627832,98.180314,10.23556806,5.037005231,5.237141845,5.936781568,4.350054339,8.76803889
Gen51,Site1,Loc1,Year1,R1,11,3,101.0575979,94.32966827,13.57822049,5.917948938,5.106240722,5.723874456,4.755783642,7.60740338
Gen52,Site1,Loc1,Year1,R1,12,3,104.0731049,108.0821296,12.78453682,6.967877925,5.377502138,5.167794069,6.65108693,6.753687979
Gen53,Site1,Loc1,Year1,R1,13,3,120.2951871,97.1664349,13.34235803,6.466095725,4.521388058,3.455118948,2.899532039,8.23902814
Gen54,Site1,Loc1,Year1,R1,14,3,93.99918224,107.0809663,12.55445584,5.63902729,6.181857323,5.608350677,5.078537038,7.093831849
Gen55,Site1,Loc1,Year1,R1,15,3,103.296572,102.5324962,13.71430634,4.741132742,6.902846807,3.000543561,6.362183043,9.472233305
Gen56,Site1,Loc1,Year1,R1,16,3,107.18653,113.2188265,11.08420669,4.843794209,4.051684924,6.927562786,5.458829982,8.972395898
Gen57,Site1,Loc1,Year1,R1,17,3,99.83555151,106.8091975,12.59684432,5.650759893,5.654258663,4.753937489,4.930752253,7.112828583
Gen58,Site1,Loc1,Year1,R1,18,3,104.564215,101.9472403,10.89920972,3.780346613,4.376396668,6.041070237,4.462986398,8.365899615
Gen59,Site1,Loc1,Year1,R1,19,3,91.32671521,91.09963476,11.87137707,4.541711705,4.700278241,4.076353721,5.319091576,8.423461916
Gen60,Site1,Loc1,Year1,R1,20,3,104.2243739,107.8324271,12.86236843,4.108842841,6.126497546,5.588868499,4.191486035,7.813396001
Gen61,Site1,Loc1,Year1,R1,1,4,108.8180321,113.5779663,12.28861854,4.426293962,5.777793024,6.31790573,5.281690858,8.201672468
Gen62,Site1,Loc1,Year1,R1,2,4,91.57339161,98.8143547,12.82599014,5.902104671,5.085524364,4.603400029,4.941224344,7.566599096
Gen63,Site1,Loc1,Year1,R1,3,4,104.8745542,86.02386067,11.70980507,5.168913007,4.920210414,5.110545953,4.467912524,9.45637527
Gen64,Site1,Loc1,Year1,R1,4,4,101.8603898,113.6691802,11.99685734,4.927130249,4.8545975,5.530802019,4.746896414,7.226243308
Gen65,Site1,Loc1,Year1,R1,5,4,86.31397659,94.3806817,12.99397837,4.661362266,3.703553229,5.986819333,4.909637502,9.19279474
Gen66,Site1,Loc1,Year1,R1,6,4,89.65896609,103.1992563,12.74916438,2.961573871,5.733584386,4.106416111,5.422837173,7.017196122
Gen67,Site1,Loc1,Year1,R1,7,4,97.8421033,97.17782184,13.41463366,6.339414669,6.027736043,5.277096201,3.709750674,7.279644176
Gen68,Site1,Loc1,Year1,R1,8,4,98.77373817,99.99073815,11.92301409,5.083729532,5.439006858,6.145429901,5.293014316,6.816429746
Gen69,Site1,Loc1,Year1,R1,9,4,93.85316115,111.5098963,13.30107929,6.328890148,6.884301699,2.776624611,4.096317699,8.86599906
Gen70,Site1,Loc1,Year1,R1,10,4,100.2938433,101.2964506,12.74655911,3.341688715,4.977736607,6.556987241,4.929258998,8.002110286
Gen71,Site1,Loc1,Year1,R1,11,4,99.35314028,83.00853809,12.65886578,3.715302805,4.618907411,6.213827816,4.506342392,7.726525588
Gen72,Site1,Loc1,Year1,R1,12,4,114.6936744,105.6442392,12.07699178,5.016006002,5.158349118,4.731691092,6.09855356,6.232897095
Gen73,Site1,Loc1,Year1,R1,13,4,104.7215951,90.65953292,11.82504831,6.110111282,4.091960096,5.663200547,4.936991342,10.17090396
Gen74,Site1,Loc1,Year1,R1,14,4,101.9049044,95.08557185,13.14680413,4.122645179,5.57762516,5.139178049,5.994795417,7.596655738
Gen75,Site1,Loc1,Year1,R1,15,4,113.5525663,93.93282285,10.14831652,5.925465435,4.006819923,6.23848063,6.573896693,9.027194189
Gen76,Site1,Loc1,Year1,R1,16,4,105.7673606,105.4112356,12.79821141,4.825801106,6.467550653,5.002680437,4.712564694,7.94148806
Gen77,Site1,Loc1,Year1,R1,17,4,112.1298806,97.47191635,12.0641665,7.337457624,5.091878917,5.524398849,5.503706055,9.968374478
Gen78,Site1,Loc1,Year1,R1,18,4,111.9792197,92.83014481,10.90352619,5.243230764,5.901388465,7.08824967,4.778188208,7.580386882
Gen79,Site1,Loc1,Year1,R1,19,4,108.9297486,122.0628226,12.29589729,4.531554075,4.214050533,4.078289775,4.317815113,8.693318225
Gen80,Site1,Loc1,Year1,R1,20,4,110.6573124,112.5012445,11.64298417,4.41377543,5.035110507,5.098057186,3.993697546,8.518668319
Gen81,Site1,Loc1,Year1,R1,1,5,91.72246214,94.6434753,11.55037296,4.173976326,4.597266994,6.812090984,5.779785677,7.8331501
Gen82,Site1,Loc1,Year1,R1,2,5,93.69650842,104.4866061,11.27357219,4.352657595,5.306232551,3.880615532,5.102363862,7.266811782
Gen83,Site1,Loc1,Year1,R1,3,5,98.36630893,102.9831779,12.54632761,6.45182953,4.671076642,4.879438671,5.938381844,8.974798058
Gen84,Site1,Loc1,Year1,R1,4,5,94.95085688,106.8907069,12.17540959,4.724097731,5.339329127,4.551132357,5.172319814,8.698039387
Gen85,Site1,Loc1,Year1,R1,5,5,109.9919247,75.97462555,12.59685571,6.606608992,4.945492008,6.089509207,5.44914951,10.18793501
Gen86,Site1,Loc1,Year1,R1,6,5,99.94458151,97.00467214,13.08843358,6.579023017,6.392168758,4.312284069,3.979580653,8.943926476
Gen87,Site1,Loc1,Year1,R1,7,5,98.97902834,95.63621733,12.36965553,3.546367003,5.745659247,5.11221279,3.945607851,6.216344628
Gen88,Site1,Loc1,Year1,R1,8,5,99.23301224,100.9581575,10.95310018,4.420300604,5.59742096,5.561684,5.604311618,7.334509148
Gen89,Site1,Loc1,Year1,R1,9,5,98.3036767,128.6713983,12.43118828,4.370649879,3.957048641,4.095154441,5.035756777,6.136432304
Gen90,Site1,Loc1,Year1,R1,10,5,95.71080822,117.7402103,11.64164594,5.225784632,5.672748059,5.820761689,6.122044889,8.522422882
Gen91,Site1,Loc1,Year1,R1,11,5,103.6392522,83.14548575,12.60217508,5.166804515,6.433569407,6.182474498,5.050898643,9.743859925
Gen92,Site1,Loc1,Year1,R1,12,5,97.7534002,87.43146653,12.00180832,5.018121722,4.625036892,3.703870598,4.82471992,9.022046733
Gen93,Site1,Loc1,Year1,R1,13,5,100.8014671,100.722937,11.83057506,3.721953057,4.943055063,5.201456285,5.3667875,8.44910636
Gen94,Site1,Loc1,Year1,R1,14,5,107.578581,82.90824069,11.5316582,4.53069433,3.27328908,4.249290272,5.707130507,7.750518432
Gen95,Site1,Loc1,Year1,R1,15,5,86.83340093,116.2480298,13.17583408,5.539525966,5.631487648,4.377026991,4.315699158,7.726495897
Gen96,Site1,Loc1,Year1,R1,16,5,114.536896,110.9264047,12.13169572,5.367775784,3.877775098,5.509485726,5.432751479,9.565274519
Gen97,Site1,Loc1,Year1,R1,17,5,95.29865769,112.8402491,10.78047638,4.690656026,6.293280504,4.826734391,3.175773973,6.961903521
Gen98,Site1,Loc1,Year1,R1,18,5,110.1467738,101.0593871,11.54748258,4.919638616,3.380614203,4.268385365,4.519995874,6.988967979
Gen99,Site1,Loc1,Year1,R1,19,5,105.793368,93.06358785,11.48683234,4.803913526,4.360892278,5.845671521,7.308878138,6.606130002
Gen100,Site1,Loc1,Year1,R1,20,5,103.4180812,101.5557539,12.08486508,4.489624161,4.272013025,5.231098538,6.514293639,7.624792704
Gen101,Site1,Loc1,Year1,R1,1,6,106.499407,107.9446732,10.39264053,4.774389789,5.907348232,3.299990865,4.245452376,7.656738385
Gen102,Site1,Loc1,Year1,R1,2,6,97.95892695,93.23484631,11.5901608,4.990650162,3.66965413,5.154038157,6.568944233,8.54173033
Gen103,Site1,Loc1,Year1,R1,3,6,95.48978554,85.48357216,10.2265147,5.666893921,3.910887199,5.385489993,5.846004901,7.719824067
Gen104,Site1,Loc1,Year1,R1,4,6,103.1808379,92.31255254,10.89056128,4.700249943,5.127655331,5.07101477,6.859521297,8.442028954
Gen105,Site1,Loc1,Year1,R1,5,6,103.5580157,91.59477716,12.31247291,5.177481811,5.953860663,4.312897392,6.333995676,9.24717589
Gen106,Site1,Loc1,Year1,R1,6,6,105.5099881,88.02103347,13.65782882,3.965836361,6.012774923,4.735708583,6.22536631,8.049686298
Gen107,Site1,Loc1,Year1,R1,7,6,104.657685,102.5437156,12.93205301,5.703311558,6.319340207,3.77845277,5.54172707,8.868565752
Gen108,Site1,Loc1,Year1,R1,8,6,106.2047483,111.6335792,12.67316701,3.879278525,3.776342334,4.225421886,4.491157726,8.011189997
Gen109,Site1,Loc1,Year1,R1,9,6,97.9796776,112.6077186,13.51361067,4.458344796,5.398735129,4.821884819,3.824431066,6.92807868
Gen110,Site1,Loc1,Year1,R1,10,6,111.3659812,115.8499924,12.2046193,3.948897628,4.532952767,6.338700007,5.552652053,10.18172506
Gen111,Site1,Loc1,Year1,R1,11,6,81.43881707,101.3930797,12.4501821,4.799288694,5.674170653,5.476588554,4.669441488,8.122021396
Gen112,Site1,Loc1,Year1,R1,12,6,112.1412003,93.10331396,9.575941537,5.190669984,4.477755409,3.526477635,5.782206075,6.810807002
Gen113,Site1,Loc1,Year1,R1,13,6,105.9395144,99.84244362,12.44575428,3.435124616,5.080876607,6.61216117,4.817692982,9.070927304
Gen114,Site1,Loc1,Year1,R1,14,6,103.3182052,105.7654776,11.7747382,6.358403456,4.125012539,3.488282658,6.89694607,6.301809122
Gen115,Site1,Loc1,Year1,R1,15,6,101.1228169,89.52505844,12.66461371,5.231112001,5.127426327,4.616317322,4.14982861,8.64463022
Gen116,Site1,Loc1,Year1,R1,16,6,102.3064141,99.30883713,12.23119341,4.258570731,5.032918609,4.390940402,3.326956571,7.19073359
Gen117,Site1,Loc1,Year1,R1,17,6,85.63257021,100.6754043,11.66717652,4.139665346,4.723780162,4.229723372,4.238647324,9.317775347
Gen118,Site1,Loc1,Year1,R1,18,6,87.33060464,96.89137583,11.77849468,5.206859573,5.58588361,3.592305294,5.307392505,8.682936687
Gen119,Site1,Loc1,Year1,R1,19,6,109.074466,106.3256864,10.5855659,4.999555961,5.036172162,5.344484904,3.172452251,8.111586423
Gen120,Site1,Loc1,Year1,R1,20,6,72.54226398,104.9753568,11.15355096,4.250315523,3.383572967,4.878366787,4.128950648,7.181080046
Gen121,Site1,Loc1,Year1,R1,1,7,105.5946407,85.26553837,13.14298014,6.271486293,6.315992606,6.36291747,2.671751324,7.521715465
Gen122,Site1,Loc1,Year1,R1,2,7,109.9680765,102.5603861,12.28252163,4.4415324,3.950150127,5.516773373,4.850126265,7.726391859
Gen123,Site1,Loc1,Year1,R1,3,7,100.8578213,78.17815685,11.2073656,6.072595455,4.603116618,4.371770416,4.92136222,7.747094923
Gen124,Site1,Loc1,Year1,R1,4,7,97.72336216,90.42442502,11.27537556,2.976079355,5.185243285,5.835281413,6.100465424,8.723677359
Gen125,Site1,Loc1,Year1,R1,5,7,100.6761725,101.5451107,11.92357542,5.339987981,6.221811203,5.470252047,5.032912303,7.968103575
Gen126,Site1,Loc1,Year1,R1,6,7,103.3771112,112.8024725,13.2057705,5.742986466,5.340788186,4.790621737,3.578621912,7.961894742
Gen127,Site1,Loc1,Year1,R1,7,7,104.8331958,96.30817692,12.54431402,4.66990886,5.855357242,4.807841416,6.821927875,8.060043889
Gen128,Site1,Loc1,Year1,R1,8,7,101.2956699,100.9339574,10.20870974,6.540339957,5.227320425,4.642126489,5.240462434,7.829977707
Gen129,Site1,Loc1,Year1,R1,9,7,101.2529126,92.22873753,12.56904164,5.076905007,5.650788957,5.076453604,5.983336514,8.842338721
Gen130,Site1,Loc1,Year1,R1,10,7,100.2400818,89.13443023,13.34621148,3.488150294,5.503108288,4.584524383,4.629792026,8.872495426
Gen131,Site1,Loc1,Year1,R1,11,7,104.3510789,104.1859316,12.56857956,5.134343475,3.995469347,4.779960692,5.157026126,8.299013643
Gen132,Site1,Loc1,Year1,R1,12,7,94.09150402,83.97381709,12.34679194,2.484087442,5.70062103,4.413972879,3.245331485,9.743231871
Gen133,Site1,Loc1,Year1,R1,13,7,88.54271493,108.8567486,10.73211657,5.884838815,6.51728768,6.650809648,6.440608272,8.813582489
Gen134,Site1,Loc1,Year1,R1,14,7,112.6899663,120.6513572,12.61411863,4.989475566,5.143308121,3.680575734,4.130648176,7.854295485
Gen135,Site1,Loc1,Year1,R1,15,7,94.05151862,97.80805001,11.22634489,6.035058853,5.199048186,4.75989946,4.98093043,7.292188596
Gen136,Site1,Loc1,Year1,R1,16,7,89.69421396,94.08334591,12.41273478,5.548742727,6.079977783,3.947716642,3.829744645,8.183998021
Gen137,Site1,Loc1,Year1,R1,17,7,93.71567468,100.1050331,11.31857538,4.449338114,5.447431413,3.880295703,5.530238506,7.943222386
Gen138,Site1,Loc1,Year1,R1,18,7,98.24480098,105.4368418,12.73772927,4.192905779,5.050906722,5.149541831,3.734397176,8.864933042
Gen139,Site1,Loc1,Year1,R1,19,7,91.65532172,107.7602373,13.00925648,5.051106491,4.048304247,3.837177547,4.927353987,8.35915776
Gen140,Site1,Loc1,Year1,R1,20,7,91.41441449,99.49237873,14.06610502,5.180923443,4.911417482,7.24234389,4.990800434,8.644639236
Gen141,Site1,Loc1,Year1,R1,1,8,104.4252188,92.36156362,11.80922117,5.483935511,5.697809425,3.533497603,5.596761815,8.122643743
Gen142,Site1,Loc1,Year1,R1,2,8,99.40813524,112.4382988,14.31281879,3.229104705,4.545716588,5.92890691,3.332067241,6.179291331
Gen143,Site1,Loc1,Year1,R1,3,8,132.5727707,116.422402,12.32632741,4.996703175,5.797275939,5.022738687,3.705953237,7.987099121
Gen144,Site1,Loc1,Year1,R1,4,8,93.4373184,92.98343389,11.84665895,5.393587082,4.11665173,5.353251756,3.379786567,9.41988712
Gen145,Site1,Loc1,Year1,R1,5,8,105.720896,93.1498982,12.92884611,3.20050523,5.202073209,4.476658365,5.957322356,8.332947179
Gen146,Site1,Loc1,Year1,R1,6,8,111.375575,103.2052032,12.4041091,5.728490355,3.869590811,5.634440152,3.983733354,8.520395568
Gen147,Site1,Loc1,Year1,R1,7,8,103.8504014,97.80313476,11.80569487,5.856466974,4.933517879,5.338641224,3.701564964,9.396647357
Gen148,Site1,Loc1,Year1,R1,8,8,94.48999198,95.27447715,11.96947828,6.147710144,7.31704236,5.178001226,5.725765053,6.09326621
Gen149,Site1,Loc1,Year1,R1,9,8,98.09948744,105.9287114,13.09716022,5.012210412,3.979529226,4.145779562,4.115822024,8.128332842
Gen150,Site1,Loc1,Year1,R1,10,8,100.2722415,86.34692073,12.69465584,3.625952571,3.385666409,5.887985404,5.49727052,6.885118057
Gen151,Site1,Loc1,Year1,R1,11,8,113.1002337,83.10066068,12.7164398,3.894807953,5.100441192,5.087265717,5.872754995,7.783598345
Gen152,Site1,Loc1,Year1,R1,12,8,74.89673233,87.73277884,11.9492401,6.867373443,4.869078548,4.227667822,4.815906189,8.961421673
Gen153,Site1,Loc1,Year1,R1,13,8,92.26027868,115.5428154,12.14881343,4.419015773,4.901827068,5.669243179,4.599398932,8.50254114
Gen154,Site1,Loc1,Year1,R1,14,8,99.69799746,100.6892405,10.52192252,4.578444946,5.331513937,5.577318649,5.584344703,7.534997426
Gen155,Site1,Loc1,Year1,R1,15,8,98.25225637,118.2747149,11.95646565,6.029022016,3.949182628,6.239565115,5.685851122,6.893449947
Gen156,Site1,Loc1,Year1,R1,16,8,104.6516037,118.1791928,12.23066406,6.172577896,3.758542074,3.958422157,3.129468865,6.380734897
Gen157,Site1,Loc1,Year1,R1,17,8,100.9524573,109.7637914,11.90805102,5.373009593,5.937263762,3.968784252,5.690562752,7.134988462
Gen158,Site1,Loc1,Year1,R1,18,8,84.00775867,104.9089369,11.38752103,4.098826114,5.296473281,5.029833315,3.416818804,8.804567174
Gen159,Site1,Loc1,Year1,R1,19,8,93.93812142,117.6061907,10.63075124,6.623022326,6.556920294,5.937024236,5.681245897,7.850869636
Gen160,Site1,Loc1,Year1,R1,20,8,96.68942338,92.31424276,11.7204119,3.945056971,2.856217566,5.14878567,6.917466604,9.987980603
Gen161,Site1,Loc1,Year1,R1,1,9,94.34086722,84.81862246,12.44696773,4.357910776,3.857050349,4.166536472,5.637599894,9.588021064
Gen162,Site1,Loc1,Year1,R1,2,9,115.2492028,90.83997961,11.1706919,6.61016714,6.226828668,5.698074948,4.662247629,7.660330855
Gen163,Site1,Loc1,Year1,R1,3,9,100.372581,89.32433831,13.26366782,4.92989349,5.658801693,2.976456988,5.537463836,9.915846932
Gen164,Site1,Loc1,Year1,R1,4,9,105.7633045,110.0832084,10.12797844,4.661376142,6.283392592,3.999034439,5.121962638,8.540712612
Gen165,Site1,Loc1,Year1,R1,5,9,97.41619545,97.02758147,10.71157925,7.559241881,6.275738792,5.396493922,3.871800576,7.98883148
Gen166,Site1,Loc1,Year1,R1,6,9,104.914539,98.35620218,12.39094934,6.548077214,5.235791824,6.065612703,6.996194838,7.920657762
Gen167,Site1,Loc1,Year1,R1,7,9,95.6283689,98.33911146,10.48196854,3.85945154,5.64107252,6.777538367,4.069713304,8.080870775
Gen168,Site1,Loc1,Year1,R1,8,9,105.142793,81.52262008,13.52812409,5.919848568,3.761216059,3.65757116,3.802542677,7.963156415
Gen169,Site1,Loc1,Year1,R1,9,9,103.4330857,90.61098798,12.88848087,6.919829179,5.775811546,3.562954374,4.832561318,9.298951333
Gen170,Site1,Loc1,Year1,R1,10,9,100.5152078,98.80322597,11.33609785,5.379156807,3.844034439,4.977902805,6.333519079,5.774526208
Gen171,Site1,Loc1,Year1,R1,11,9,98.56498983,101.6345509,11.77259084,5.478846829,3.822832886,4.225365577,4.695959633,5.949894278
Gen172,Site1,Loc1,Year1,R1,12,9,95.49242248,87.2473915,10.76877281,4.156991253,4.428436867,5.150882284,4.631966968,10.93670357
Gen173,Site1,Loc1,Year1,R1,13,9,92.0297889,107.5289088,11.61803099,4.479750601,4.086278236,4.133406302,5.945689884,8.341027669
Gen174,Site1,Loc1,Year1,R1,14,9,112.1542192,110.5838887,12.12795743,4.460732397,3.472680901,5.203296384,3.564551531,7.860645268
Gen175,Site1,Loc1,Year1,R1,15,9,90.06498007,106.1099195,9.581182949,6.070367097,4.427369913,3.270522628,3.481566188,7.942164139
Gen176,Site1,Loc1,Year1,R1,16,9,97.76416439,105.123005,13.31387363,5.106565965,5.958301419,5.6856017,3.693029983,7.287908023
Gen177,Site1,Loc1,Year1,R1,17,9,99.67804911,98.89234594,11.62594694,5.980631175,3.68346233,4.842597867,5.383060636,5.96116718
Gen178,Site1,Loc1,Year1,R1,18,9,93.95980773,117.0933398,11.16258945,4.911317913,3.247225232,5.546072625,3.39659716,8.03486611
Gen179,Site1,Loc1,Year1,R1,19,9,100.2526067,92.26476993,11.78323182,5.978324948,4.498044076,5.422494472,5.858296549,9.308615171
Gen180,Site1,Loc1,Year1,R1,20,9,102.6518527,94.50778697,12.58328031,5.56056719,4.856758391,4.420229043,4.402559453,7.087391248
Gen181,Site1,Loc1,Year1,R1,1,10,93.92034855,107.1454719,11.24481594,4.055032894,7.059223214,5.208724596,5.521317459,8.010592575
Gen182,Site1,Loc1,Year1,R1,2,10,93.12973689,110.4609649,12.59372131,6.24683439,4.428766934,5.146288111,5.247681504,8.297548066
Gen183,Site1,Loc1,Year1,R1,3,10,99.27604056,100.8435146,11.38899904,4.55216267,4.29268772,4.241481506,4.239722823,6.092324934
Gen184,Site1,Loc1,Year1,R1,4,10,90.29156826,110.0572419,7.840159451,4.574505358,7.900144523,5.812601909,4.531976782,7.913787672
Gen185,Site1,Loc1,Year1,R1,5,10,92.82288503,104.4228681,12.6226245,5.432080451,5.149920927,4.362235421,4.45464425,6.809903533
Gen186,Site1,Loc1,Year1,R1,6,10,98.50093881,103.9493607,10.42979621,4.483009037,5.772299918,3.386149074,4.305053704,6.645556671
Gen187,Site1,Loc1,Year1,R1,7,10,115.5229623,95.21670847,12.32122254,5.371472815,4.200902983,6.3442424,5.161905181,6.853444997
Gen188,Site1,Loc1,Year1,R1,8,10,103.1770586,99.36231456,11.77847002,5.421644115,5.30604596,4.637826116,4.775512266,6.725453863
Gen189,Site1,Loc1,Year1,R1,9,10,103.3596702,106.5996641,11.6856973,5.558243946,6.861621582,6.944642524,4.233432833,7.61906625
Gen190,Site1,Loc1,Year1,R1,10,10,105.1254216,85.59450043,12.08404448,4.098201813,4.267065518,3.601397854,3.678622392,7.066342151
Gen191,Site1,Loc1,Year1,R1,11,10,87.24238197,99.74736889,12.38786925,3.804406872,6.290567846,6.038208484,6.328724073,8.985281568
Gen192,Site1,Loc1,Year1,R1,12,10,105.7868096,90.18193282,11.01465089,4.698762962,6.897810409,4.98834321,4.939920123,9.120799781
Gen193,Site1,Loc1,Year1,R1,13,10,105.5454783,105.6513282,10.51757183,4.255493948,5.220681097,3.706088714,3.689708877,8.738972158
Gen194,Site1,Loc1,Year1,R1,14,10,94.43959153,98.05131521,12.44118014,6.056903293,6.375950583,4.158975336,5.678960387,8.051594655
Gen195,Site1,Loc1,Year1,R1,15,10,94.58027971,101.9321242,12.07914787,5.711594536,3.723426348,5.92436641,5.840943343,8.453133907
Gen196,Site1,Loc1,Year1,R1,16,10,111.5048245,86.73811501,11.57020585,4.65173277,3.882138101,6.277596548,7.329902216,8.787511675
Gen197,Site1,Loc1,Year1,R1,17,10,105.7366434,105.1596985,13.67372198,3.200958509,6.614315029,4.945907643,5.402451445,6.837597901
Gen198,Site1,Loc1,Year1,R1,18,10,118.1312735,86.50457043,11.02635146,2.361151729,6.201876065,6.561436776,5.739224954,7.116400561
Gen199,Site1,Loc1,Year1,R1,19,10,91.47371853,102.4849425,13.09538975,5.129742569,6.552205607,5.651569359,5.18543638,7.679667163
Gen200,Site1,Loc1,Year1,R1,20,10,107.8728983,101.5664766,10.75413997,4.218160233,3.116865352,5.738663726,5.691466858,7.105779309
